date,label,confidence,entity-label,entity-confidence
1052012,pos,0.54460747,pos,0.57113739
1062012,neu,0.99008939,,
1062012,neu,0.98103904,pos,0.49121883
1052012,neg,0.62086973,pos,0.57113739
1112012,neg,0.57316798,,
1132012,neg,0.49429478,neu,0.40339307
1172012,neu,0.81733411,neu,0.97721458
1172012,neu,0.86299228,neu,0.98305626
1172012,neu,0.95660878,neg,0.46848778
1262012,neu,0.99661388,,
1302012,neg,0.48425888,,
1302012,neu,0.96375683,,
1302012,neg,0.9776315,,
1272012,neu,0.61793412,,
1272012,neu,0.7838537,,
1272012,neu,0.95495961,neu,0.62699339
1272012,neu,0.99125704,,
2032012,neu,0.99120466,,
2032012,neu,0.99973911,,
2032012,neu,0.98725155,,
2032012,pos,0.54801078,,
2062012,neu,0.90364408,,
2062012,neu,0.96892702,,
2062012,neg,0.48868581,,
2092012,neu,0.57502863,neu,0.76770761
2082012,neu,0.97622189,,
2092012,neg,0.70536615,,
2092012,neu,0.84264523,,
2082012,neu,0.98776352,neu,0.8961707
2102012,neu,0.87254811,,
2112012,neg,0.7690897,,
2102012,neg,0.64283028,,
2102012,neu,0.99696278,,
2102012,neg,0.83741339,neu,0.42107388
2102012,neu,0.97100719,,
2112012,neg,0.73621947,,
2142012,neu,0.99105725,,
2172012,neu,0.69817321,neu,0.72665612
2172012,neg,0.98738579,neg,0.63631759
2172012,neu,0.75555899,,
2182012,neu,0.99777405,,
2162012,neu,0.9991689,,
2142012,neu,0.59068896,,
2142012,neu,0.99881382,,
2142012,neu,0.93847116,,
2142012,neu,0.9988019,,
2162012,neu,0.98779403,,
2162012,neu,0.85399707,,
2132012,neu,0.99743998,,
2212012,neu,0.95958167,,
2212012,neu,0.96876855,neu,0.58307112
2212012,pos,0.56806057,neg,0.58525787
2222012,neu,0.9998519,pos,0.5477323
2232012,neu,0.99951164,,
2232012,neu,0.96380475,,
2232012,neu,0.98241308,,
2132012,neu,0.95411339,,
2132012,neu,0.95849601,,
2132012,neu,0.97336692,,
2132012,neu,0.95333437,,
2132012,neu,0.87184024,,
2132012,neu,0.94807201,,
2132012,neu,0.97745981,neg,0.67178133
2232012,neu,0.99993184,,
2232012,neu,0.99455509,neu,0.8919784
2232012,neu,0.99938987,neu,0.8919784
2232012,neu,0.99920442,neu,0.8919784
2232012,pos,0.81033937,pos,0.57880766
2232012,neu,0.99819798,neu,0.93443909
2242012,neg,0.69151221,,
2242012,neu,0.99913314,neu,0.8919784
2242012,neu,0.99976003,,
2272012,neu,0.93421726,neu,0.65219004
2272012,neu,0.98834822,,
2282012,pos,0.47284934,pos,0.53182567
2282012,neu,0.98783422,neu,0.64905936
2292012,pos,0.94376828,neu,0.5905434
2292012,pos,0.97437908,pos,0.84798068
2292012,neu,0.90143308,,
2312012,neg,0.95590212,,
2312012,neg,0.90187724,,
2312012,neg,0.91088115,,
2312012,neu,0.91565893,,
2312012,neu,0.90914227,,
3012012,neu,0.5327703,,
3012012,neu,0.95141242,neu,0.63943622
2302012,neu,0.5327703,,
2302012,neu,0.95141242,neu,0.63943622
3022012,neg,0.95590212,,
3022012,neg,0.90187724,,
3022012,neg,0.91088115,,
3022012,neu,0.91565893,,
3022012,neu,0.90914227,,
3082012,neg,0.59903956,,
3082012,neg,0.55412645,,
3082012,neg,0.50257643,neg,0.50134494
3082012,neg,0.58105337,pos,0.44354824
3062012,neu,0.83445822,,
3062012,neu,0.98032171,,
3132012,pos,0.68614308,neg,0.56315861
3132012,neu,0.77702433,,
3132012,neu,0.98457318,neu,0.68313874
3172012,neg,0.67974331,neg,0.40603705
3102012,neu,0.99989615,,
3122012,neu,0.95646536,neu,0.68313874
3162012,neg,0.74253813,neu,0.57795347
3162012,neg,0.54508722,neu,0.76967778
3232012,neu,0.99136691,pos,0.7688079
3202012,neu,0.78645523,,
3202012,neu,0.76032863,neg,0.62415311
3282012,neg,0.81295153,,
3282012,neu,0.95005161,neg,0.57009203
3282012,neu,0.995555,neu,0.8639027
3282012,neu,0.98531052,neu,0.8639027
3292012,neg,0.97726337,,
3292012,neu,0.99927167,neu,0.56956174
3302012,pos,0.69370274,pos,0.40008603
3302012,neg,0.975572,,
4022012,neu,0.65088643,,
4022012,neu,0.7418679,,
4052012,neu,0.52841154,,
4032012,pos,0.64263216,neg,0.46584081
4032012,neu,0.99072494,pos,0.56865218
4032012,neu,0.98973119,pos,0.59170871
4052012,neu,0.87246528,,
4052012,neu,0.78597108,,
4052012,neu,0.93529855,,
4052012,neu,0.94356479,,
4052012,neu,0.78617857,neu,0.80491618
4052012,neg,0.47223276,,
4052012,pos,0.70160916,,
4052012,pos,0.70785835,,
4032012,neu,0.93732237,pos,0.51706237
4032012,neu,0.95729009,pos,0.4310143
4032012,neu,0.61626012,,
4032012,neu,0.68571087,,
4032012,neu,0.96361978,,
4102012,neu,0.9587611,neu,0.81952809
4102012,neu,0.98603706,neu,0.50840038
4102012,neu,0.96775711,,
4092012,neu,0.98260901,,
4122012,neu,0.99999182,,
4122012,neu,0.97954997,,
4122012,pos,0.5127195,,
4132012,neu,0.99863489,,
4132012,neu,0.99996188,,
4112012,neu,0.99995565,,
4112012,neu,0.83179318,,
4112012,neu,0.99003154,,
4112012,neu,0.94987624,,
4152012,neu,0.97146911,,
4092012,neu,0.97903995,,
4092012,pos,0.86275102,,
4092012,neu,0.73050173,,
4122012,neu,0.50745129,neg,0.65989063
4122012,neu,0.498243,neg,0.65989063
4122012,neu,0.88154706,neu,0.69146725
4162012,pos,0.77373171,,
4162012,neu,0.99924339,,
4162012,neu,0.93887931,,
4162012,neu,0.98024228,,
4162012,neg,0.50026755,,
4162012,neu,0.96135988,,
4172012,neg,0.54337016,,
4192012,neu,0.66366179,,
4192012,neg,0.92013097,,
4192012,neg,0.9105333,,
4192012,pos,0.4946251,,
4192012,neu,0.42068579,,
4202012,neg,0.87998089,,
4202012,neu,0.99781471,,
4202012,neu,0.9988097,,
4202012,pos,0.60257708,neg,0.46859764
4202012,neg,0.93988584,,
4212012,neu,0.81315074,,
4212012,neu,0.94581302,,
4212012,pos,0.77126421,neu,0.93737722
4212012,pos,0.71316917,neu,0.80402481
4162012,neu,0.86470824,,
4172012,neu,0.97803768,,
4172012,neu,0.9505953,,
4172012,neu,0.78580334,,
4172012,neu,0.96293957,,
4172012,neu,0.99939796,,
4172012,neu,0.99730081,,
4192012,neu,0.96276544,,
4182012,neu,0.94393399,,
4182012,neu,0.92448378,,
4182012,neu,0.99924498,,
4242012,neu,0.99355807,,
4252012,neu,0.49301532,,
4252012,neu,0.42549933,,
4252012,neu,0.94891394,,
4262012,neu,0.91018978,,
4262012,neg,0.76617944,neg,0.93320353
4262012,neg,0.83757563,neg,0.931813
4262012,neg,0.96163305,neg,0.85409214
4262012,neu,0.71515953,,
4262012,neu,0.71397145,,
4242012,neu,0.9788932,neu,0.82821566
4242012,neu,0.90262669,neu,0.61424043
4242012,neu,0.92544392,,
4242012,pos,0.82963345,,
4242012,pos,0.67907715,,
4272012,neu,0.93896518,,
4272012,neu,0.90446893,,
4262012,neu,0.93929913,,
4262012,neu,0.94050443,,
4262012,neu,0.92028347,,
4292012,neg,0.55049208,neu,0.42438723
4292012,pos,0.9092193,neg,0.63606088
4292012,pos,0.82034859,neg,0.65702784
4302012,neg,0.46537282,,
4302012,neg,0.55260802,,
4302012,neu,0.95632174,,
4302012,neu,0.83184996,,
5012012,neg,0.92705645,,
5032012,neu,0.90021953,,
5032012,neu,0.57051953,,
5032012,neu,0.83745885,,
5032012,neu,0.99514397,,
5032012,neu,0.99835,,
5042012,neg,0.37723666,,
5042012,neu,0.83689707,,
5042012,neu,0.951178,neu,0.83298014
5042012,neg,0.39574501,,
5042012,neu,0.7740354,neu,0.83128961
5042012,neu,0.83179364,neu,0.7994297
5042012,neu,0.73312821,pos,0.3733816
5042012,neu,0.99999746,,
4312012,neg,0.92705645,,
5102012,neg,0.39332646,,
5072012,neu,0.99752249,,
5072012,neu,0.81863509,,
5072012,neu,0.99899884,,
5072012,neu,0.99850876,,
5072012,neu,0.99926139,neu,0.65049743
5082012,neu,0.99953363,,
5082012,neu,0.99868668,,
5082012,neu,0.7459801,pos,0.53730191
5112012,neu,0.63118657,,
5082012,neu,0.56021543,pos,0.78011812
5082012,neu,0.81487442,pos,0.48981861
5082012,neu,0.89603873,,
5152012,neg,0.88304638,,
5152012,neg,0.67312629,pos,0.55144167
5152012,neg,0.74514025,pos,0.5856647
5162012,pos,0.82579567,pos,0.6635745
5162012,neu,0.78588631,neg,0.40108251
5162012,neu,0.77364093,,
5162012,neg,0.47602465,neg,0.55571105
5172012,neu,0.99943625,neu,0.77052879
5172012,pos,0.94172038,,
5172012,neu,0.45260575,,
5202012,pos,0.9291494,,
5202012,neu,0.85903819,pos,0.47497327
5202012,pos,0.45216595,pos,0.78390862
5212012,pos,0.91401709,pos,0.40926266
5192012,neg,0.76383768,pos,0.62936341
5232012,neu,0.97548439,,
5232012,neu,0.89800701,,
5222012,neu,0.99563952,,
5222012,neu,0.96489308,,
5222012,neu,0.85680734,,
5222012,neu,0.87085842,,
5212012,neu,0.5938955,neu,0.98865724
5212012,neu,0.93599531,neu,0.99415637
5212012,neu,0.94639259,pos,0.42298039
5212012,neu,0.91076727,pos,0.46195861
5212012,neu,0.88491738,neg,0.42815033
5242012,pos,0.76883521,neu,0.74150377
5242012,neu,0.94926719,,
5242012,neu,0.93797582,,
5312012,pos,0.49117406,,
5312012,neu,0.83197301,,
5312012,neu,0.99785473,,
5312012,neu,0.99874047,,
5312012,neg,0.66898866,,
5312012,neg,0.58186095,,
5312012,neu,0.89707409,neg,0.54071161
5312012,neu,0.99428481,,
5312012,neu,0.9698662,,
6012012,neg,0.50526949,neg,0.71890314
6012012,neg,0.71536388,neg,0.78717688
6012012,neg,0.74879634,neg,0.56105334
5292012,neu,0.9860764,neu,0.96468338
5292012,neu,0.99442314,neu,0.95700907
6062012,neu,0.9872442,,
6062012,pos,0.53763849,,
6062012,neg,0.42885816,,
6062012,neg,0.39507451,,
6082012,neu,0.9004688,neu,0.38973919
6082012,neu,0.57159134,,
6082012,neu,0.68514219,pos,0.4660848
6082012,pos,0.70861278,neg,0.42963968
6082012,pos,0.64420214,neg,0.42963968
6072012,pos,0.83529613,,
6012012,pos,0.86505815,,
6012012,pos,0.62571258,,
6052012,neu,0.87119817,,
6112012,pos,0.83446205,,
6112012,neg,0.66091798,,
6112012,neu,0.99384906,neg,0.49638326
6082012,neu,0.81943989,,
6082012,neg,0.56931577,,
6072012,neu,0.54988191,,
6072012,neu,0.8986068,neu,0.58986967
6072012,neu,0.97077215,neg,0.43249819
6072012,neu,0.88937499,neg,0.58827434
6142012,neu,0.8418834,,
6122012,neu,0.90798683,,
6122012,neg,0.53590181,,
6112012,neu,0.62064279,,
6112012,neu,0.99998129,neu,0.62771077
6112012,neu,0.90213369,neu,0.93325634
6112012,neu,0.977581,neu,0.8772572
6112012,neu,0.99999465,neu,0.62773393
6192012,neg,0.50974104,,
6192012,neg,0.58465002,,
6202012,neg,0.84447175,,
6222012,neu,0.68178712,,
6222012,neg,0.97143813,,
6222012,neu,0.99949879,,
6222012,neu,0.99952092,,
6232012,neg,0.84572948,,
6182012,neu,0.74969779,neg,0.65526046
6182012,neu,0.97243232,neg,0.93110617
6182012,neu,0.96387026,neg,0.94507391
6212012,neu,0.99178071,,
6202012,neu,0.77110721,neg,0.52892771
6202012,neg,0.94028854,,
6202012,neg,0.95420083,,
6212012,neu,0.61594311,,
6212012,neu,0.70535172,,
6212012,neu,0.65271668,,
6212012,neg,0.45070013,,
6212012,neu,0.65517384,,
6212012,pos,0.43503083,,
6262012,pos,0.50386379,pos,0.59027413
6282012,neg,0.54146402,,
6282012,neg,0.76352695,,
6282012,neu,0.59969308,,
6282012,neg,0.81283792,,
6282012,neu,0.66495422,neu,0.40784324
6282012,neg,0.81283792,,
6282012,neg,0.92744002,,
6272012,neu,0.76717918,,
6272012,pos,0.57478483,,
6272012,neu,0.9980435,pos,0.4565903
6272012,neg,0.94740981,,
6272012,neg,0.67062998,,
6272012,neg,0.91479921,,
6272012,neg,0.46629839,,
6292012,neg,0.56113706,neg,0.69490858
6292012,neg,0.66623803,neg,0.72078433
6292012,neu,0.83378175,neg,0.62758406
6292012,pos,0.66646481,,
6292012,pos,0.8049371,neu,0.64882697
6302012,neu,0.81962458,neg,0.67151203
6302012,neg,0.60614097,neg,0.59946418
6302012,neg,0.76209591,neg,0.62207184
7032012,neg,0.54373719,,
7032012,neu,0.99999958,,
7032012,neg,0.98570505,,
7022012,neu,0.99999961,,
7022012,neu,0.87477888,,
7022012,neu,0.78900364,,
7022012,neg,0.99332956,,
7022012,neg,0.9912438,,
7022012,pos,0.562842,neu,0.48910425
7022012,neu,0.933523,neg,0.44473417
7022012,neu,0.94128815,neg,0.44473417
7022012,neg,0.70187064,neg,0.76118013
7112012,neu,0.99921723,,
7102012,neu,0.60804913,,
7102012,neu,0.41825458,neu,0.93263582
7102012,neu,0.53568187,neu,0.93987858
7102012,neg,0.72731799,,
7122012,neg,0.93598341,,
7122012,neg,0.98054136,,
7122012,neu,0.99915775,,
7132012,neg,0.95403623,,
7132012,neg,0.92463153,,
7132012,neg,0.94340824,,
7172012,neu,0.98281569,neu,0.93091936
7172012,neu,0.95293059,neu,0.75619933
7232012,neu,0.89480851,,
7232012,neu,0.9424376,,
7202012,neg,0.63927074,neg,0.79238196
7212012,pos,0.47075806,neg,0.44094293
7242012,neu,0.85713273,neu,0.97343816
7242012,neu,0.70350861,neg,0.49536375
7242012,neu,0.52316223,neg,0.41045265
7192012,neg,0.71401195,,
7192012,neg,0.61804288,,
7192012,neu,0.52044731,,
7162012,neu,0.68056446,,
7252012,neu,0.99253935,,
7252012,neu,0.81389781,,
7252012,neu,0.94195322,neu,0.61608272
7252012,neu,0.77809647,neu,0.41928785
7252012,neu,0.99658533,,
7172012,neu,0.99967369,,
7172012,pos,0.55179446,,
7172012,neu,0.62507777,neu,0.68502362
7172012,neu,0.69952874,neu,0.41582492
7202012,neg,0.76438579,neg,0.82497921
7202012,neu,0.66987281,,
7202012,neu,0.96892569,,
7202012,neg,0.51338733,,
7202012,neg,0.60112676,,
7202012,neu,0.52685771,,
7202012,pos,0.53111085,pos,0.74333027
7202012,pos,0.42562451,pos,0.73719003
7192012,neg,0.68770036,,
7192012,neu,0.54086012,neu,0.58856371
7162012,neu,0.99726112,,
7162012,neu,0.88885802,,
7162012,neu,0.62821079,,
7262012,neu,0.95506475,,
7272012,neu,0.9159611,,
7272012,neu,0.95609659,,
7272012,neu,0.94246246,,
7272012,neu,0.6909293,,
7272012,neu,0.6909293,,
7272012,neu,0.99780298,,
7272012,neu,0.9961273,,
7262012,neg,0.46541792,,
7262012,neg,0.5708299,,
7262012,pos,0.51045238,pos,0.48369258
7262012,neu,0.5168364,neg,0.68304124
7262012,pos,0.53050923,pos,0.51704612
7262012,neu,0.48468302,pos,0.46956881
7312012,neg,0.54598399,,
8012012,pos,0.52317327,,
7312012,pos,0.42315132,,
7312012,neg,0.48456715,,
7312012,neu,0.8283067,,
7312012,neg,0.75558272,,
7312012,pos,0.95195993,,
7312012,neu,0.96681498,,
7312012,pos,0.92636773,,
7312012,neu,0.94664714,,
8072012,neu,0.83643844,,
8072012,neu,0.53718444,,
8072012,neu,0.5466575,,
8082012,neg,0.85344376,,
8082012,neu,0.96487582,,
8082012,neu,0.99329583,,
8082012,pos,0.70148566,,
8032012,pos,0.67421344,neu,0.74551221
8032012,pos,0.48311878,neu,0.51534352
8092012,neg,0.89301574,,
8092012,neg,0.85904881,,
8092012,neg,0.65806588,,
8092012,neu,0.88242087,,
8092012,neu,0.97416942,,
8062012,neg,0.81228931,,
8062012,neg,0.86668923,,
8022012,neg,0.58022111,,
8022012,pos,0.94349612,pos,0.7502885
8082012,pos,0.53306628,,
8082012,neu,0.99499279,,
8022012,pos,0.94349612,pos,0.7502885
8132012,neu,0.97245596,,
8132012,neu,0.79914474,,
8132012,neu,0.99222737,,
8142012,neu,0.95136962,,
8142012,neu,0.97677013,,
8142012,neu,0.9494166,,
8142012,neu,0.90764728,,
8162012,neu,0.98610223,neg,0.50118027
8162012,neu,0.98610223,neg,0.50118027
8132012,neu,0.97233195,,
8132012,neu,0.90133486,,
8132012,neg,0.71599407,,
8202012,neu,0.74715263,,
8202012,neu,0.80613641,,
8212012,neg,0.98680855,neu,0.90449878
8272012,neu,0.99431352,neg,0.42535273
8272012,neu,0.99870049,,
8272012,neg,0.85475226,neg,0.78746885
8222012,neu,0.68060134,,
8222012,neg,0.42953312,,
8302012,neg,0.62656744,,
8302012,neu,0.97232565,neu,0.86058826
9052012,neu,0.85114787,,
9052012,neg,0.8477271,,
9062012,neu,0.9985164,,
9072012,neu,0.99494546,,
9232012,neu,0.56452986,,
9252012,neu,0.82683565,,
9252012,neu,0.94894326,neu,0.97772232
9252012,neu,0.8005314,neu,0.98237246
9252012,neg,0.37499149,pos,0.41156814
9252012,neu,0.92859351,,
9272012,neu,0.98503732,neu,0.97785436
9272012,neg,0.59076204,,
9282012,neg,0.72801122,neg,0.54712271
9282012,neg,0.81116769,neg,0.53094219
9282012,pos,0.83072629,,
9282012,pos,0.62012033,,
9282012,neu,0.95951314,neu,0.49826679
9252012,neu,0.9477902,,
9252012,neu,0.58662382,,
9252012,neu,0.73561656,,
9252012,neu,0.92745975,,
9282012,pos,0.37986341,,
9282012,neg,0.81000808,,
10022012,neu,0.86970168,neu,0.80455732
10022012,neu,0.86838624,neu,0.47884163
9262012,neu,0.95540284,,
9262012,neu,0.69829782,,
9262012,neg,0.71903957,,
9262012,neg,0.83502266,,
9262012,neu,0.99984059,,
9262012,neu,0.92073776,,
10022012,neu,0.68329106,,
9262012,neu,0.93461808,neu,0.93648142
10042012,neu,0.99972313,,
10042012,neu,0.99856884,,
10042012,neu,0.99838359,,
10042012,neu,0.9974689,,
10042012,neu,0.99744206,,
10042012,neu,0.80881653,,
10042012,neu,0.87813115,,
10112012,neu,0.58431818,,
10112012,neu,0.95502002,,
10112012,pos,0.81019752,,
10122012,neu,0.93319602,,
10122012,neu,0.96588507,,
10122012,neu,0.99904756,,
10122012,neu,0.94191568,,
10112012,neu,0.87217208,,
10112012,pos,0.58769312,,
10172012,neu,0.99858271,,
10182012,neu,0.85453497,neu,0.49101268
10182012,neg,0.93016075,,
10182012,neu,0.71538948,,
10182012,neg,0.9758131,neg,0.98244028
10182012,neg,0.99613264,neg,0.70607237
10192012,neg,0.73840609,,
10202012,neg,0.47531606,,
10182012,neg,0.99684185,neu,0.51954505
10182012,neu,0.65310293,,
10182012,neg,0.99654549,neg,0.6394095
10182012,neg,0.56660162,neg,0.66356009
10152012,neu,0.87542244,,
10192012,neg,0.99964581,neg,0.69206688
10192012,neg,0.56033699,,
10192012,neg,0.99681657,neg,0.76774553
10192012,neu,0.59591704,neu,0.41657654
10192012,neg,0.71597848,,
10192012,neg,0.86282155,,
10192012,neu,0.64299909,,
10192012,neg,0.98147083,neg,0.98535891
10162012,neu,0.98345424,,
10162012,neu,0.97324181,,
10162012,neu,0.94704272,neu,0.59861993
10162012,neu,0.96099566,neu,0.47254842
10162012,neu,0.96736108,,
10152012,neu,0.97483108,,
10152012,neu,0.98277052,neu,0.58593749
10152012,neu,0.9676365,neu,0.5518849
10242012,neg,0.99022798,,
10262012,neg,0.7568739,pos,0.57310576
10232012,neu,0.89087559,neu,0.87207708
10232012,neu,0.98462144,neg,0.78201739
10232012,neu,0.87867428,neg,0.8343706
10232012,neu,0.99842463,,
10232012,neu,0.99959733,,
10242012,neg,0.51745542,pos,0.52966085
10242012,neg,0.47121957,,
10242012,neu,0.87248815,neu,0.87207708
10232012,neu,0.99995611,,
10232012,neu,0.99959733,,
10292012,neg,0.78319809,neg,0.82954577
10292012,pos,0.58421826,,
10292012,neg,0.62630306,,
10312012,neg,0.71659138,,
10312012,neg,0.51795417,,
10312012,neg,0.64498865,,
10312012,neg,0.78541281,,
11012012,pos,0.76866252,,
11012012,neu,0.68556438,neu,0.77220702
11022012,neg,0.67576095,,
11022012,neu,0.51517139,neg,0.53762005
11022012,neu,0.99949063,,
11022012,neu,0.98781351,,
11022012,neu,0.99916938,,
11022012,neu,0.99972915,,
11022012,neu,0.99965016,,
11062012,neu,0.61378813,,
11062012,neg,0.53951724,,
11072012,neu,0.63613632,,
11082012,neg,0.74288349,neg,0.59360174
11052012,neu,0.9969596,,
11052012,neg,0.51548153,,
11052012,neg,0.4901693,,
11052012,neu,0.9883359,,
11092012,neu,0.4394361,neu,0.590269
11122012,neu,0.9932763,neg,0.75143589
11132012,neu,0.97170282,,
11132012,neu,0.99925301,,
11142012,neu,0.98307056,neu,0.75226882
11192012,neu,0.85843413,neg,0.43123941
11192012,neu,0.9459107,,
11192012,neu,0.96183463,neg,0.64964369
11142012,neu,0.63046082,,
11142012,neu,0.83647221,,
11192012,neu,0.99971164,,
11212012,neu,0.9980236,,
11222012,neg,0.64422921,,
11262012,neg,0.8923384,,
11272012,neu,0.99905472,neu,0.6030255
11272012,neg,0.61263612,neu,0.43595522
11272012,neu,0.84567489,,
11282012,neu,0.89949198,,
11282012,neu,0.94161428,,
12052012,neu,0.81940442,neu,0.74660406
12052012,neu,0.89851511,neu,0.46951657
12042012,neu,0.99728348,neu,0.55160829
12042012,neg,0.44489409,,
12072012,neu,0.86294914,,
12072012,neu,0.93020975,neg,0.5951486
12072012,neu,0.9628096,pos,0.58447693
12072012,neg,0.80497356,,
12072012,neg,0.85418064,,
12032012,neu,0.99705667,,
12062012,neg,0.73901312,neu,0.8518092
12062012,neu,0.97747638,,
12062012,neu,0.95864981,,
12062012,neg,0.50094578,neg,0.84139647
12112012,neu,0.78100138,,
12112012,neu,0.96937647,,
12112012,neu,0.99655929,,
12132012,neu,0.62494669,,
12132012,neu,0.9853597,neg,0.54907866
12132012,neu,0.9913606,neu,0.59863539
12132012,neu,0.88114625,neg,0.39798855
12132012,neu,0.89354764,neg,0.39798855
12092012,neu,0.9968608,,
12102012,neu,0.95568179,,
12102012,neg,0.98299331,,
12102012,neg,0.96981311,,
12112012,neg,0.49856829,,
12112012,neu,0.99792328,,
12132012,neg,0.6733521,,
12102012,neg,0.54758705,,
12102012,neg,0.62292711,,
12102012,neg,0.79482842,,
12102012,neu,0.72746735,neg,0.44269816
12172012,neu,0.74464986,,
12172012,neu,0.97484196,neu,0.86694393
12172012,neu,0.9753889,neu,0.74384629
12172012,neu,0.6287042,neg,0.46481466
12182012,neu,0.91811126,neg,0.42587933
12192012,neu,0.79235807,,
12192012,neu,0.88748164,,
12202012,neu,0.99966291,neg,0.4684804
12202012,neu,0.99258179,,
12202012,neu,0.89738873,,
12202012,neu,0.92406054,,
12222012,neg,0.50433689,,
12222012,neu,0.52494289,,
12242012,neu,0.99953578,neg,0.68637017
12172012,neu,0.8364882,neu,0.53450819
12182012,neu,0.76732385,pos,0.74507061
12182012,neu,0.9999003,,
12182012,neu,0.99969207,,
12182012,neu,0.94350187,,
12192012,pos,0.79870253,neu,0.75920766
12192012,neu,0.66115107,neu,0.75920766
12192012,neu,0.95469028,neg,0.6366511
12192012,neu,0.95836279,neu,0.9668422
12192012,neu,0.98349554,neg,0.63321547
12192012,neu,0.98491754,neu,0.98673891
12192012,neu,0.96731223,,
12242012,neu,0.99945374,neg,0.68637017
1042013,neu,0.95375152,,
1042013,pos,0.38521958,,
1042013,neu,0.64299132,,
1042013,neu,0.97216566,,
1042013,neg,0.99619501,,
1022013,neu,0.99991732,,
1022013,neu,0.99915211,,
1042013,neg,0.99593197,,
1032013,neg,0.70872381,,
1032013,neu,0.99933,,
1072013,neu,0.99661585,neg,0.41483035
1072013,neg,0.99574868,,
1072013,neg,0.98607477,,
1082013,neu,0.93678327,,
1032013,neu,0.99973716,,
1032013,neu,0.53349602,,
1032013,neu,0.8224363,neg,0.85027594
1032013,neu,0.9988321,,
1032013,neu,0.99891476,,
1032013,neu,0.97870936,neu,0.58828568
1032013,neu,0.97961175,,
1072013,neu,0.99859532,,
1072013,neu,0.99884885,,
1072013,neu,0.99937746,neu,0.56122114
1072013,neu,0.99945881,neu,0.7245125
1062013,neu,0.99918103,,
1082013,neu,0.80783091,,
1152013,neu,0.99995179,neg,0.77704683
1092013,neu,0.99999957,neu,0.64293727
1092013,neu,0.79934757,pos,0.60074565
1092013,neu,0.87167705,pos,0.53857462
1092013,neu,0.99807836,,
1102013,neu,0.95790945,neu,0.91442896
1102013,neu,0.99997635,pos,0.67427602
1062013,neu,0.59401779,neu,0.38861406
1162013,pos,0.85131507,,
1162013,pos,0.89054149,,
1092013,neu,0.99806938,,
1232013,neu,0.9992173,,
1172013,neu,0.60779374,pos,0.86019803
1172013,neu,0.99988456,,
1172013,neu,0.9998473,,
1172013,neu,0.91370741,,
1222013,neu,0.95109922,,
1222013,neu,0.99886376,,
1222013,neu,0.9986638,,
1222013,neu,0.98984613,,
1222013,neu,0.95355869,,
1222013,neu,0.7419875,,
1182013,neu,0.62901237,,
1232013,neu,0.99889893,,
1232013,pos,0.78753021,neu,0.57625084
1232013,pos,0.63193738,neu,0.4553759
1232013,pos,0.56398591,neu,0.38138967
1232013,neg,0.5103772,,
1232013,neu,0.61526097,,
1232013,neu,0.55433006,,
1232013,neu,0.85019459,,
1182013,neu,0.99772415,neg,0.8553442
1182013,neu,0.99292163,,
1182013,neu,0.99842584,,
1182013,neu,0.64693569,pos,0.49979436
1282013,neu,0.53368989,neg,0.57639036
1292013,pos,0.51048128,neg,0.65720628
1312013,neu,0.9975391,,
2012013,neu,0.9727053,neu,0.4873046
2012013,pos,0.78660889,,
2012013,neu,0.93084906,neu,0.82712961
2012013,neu,0.75081469,neu,0.74326103
2012013,neu,0.6170358,neu,0.83942999
2012013,pos,0.88738667,,
2012013,pos,0.95465133,pos,0.66562985
2012013,neu,0.98462956,,
2062013,neg,0.8424777,,
2062013,neu,0.82848844,,
2062013,neu,0.86846529,,
2062013,neu,0.96934442,pos,0.52707464
2062013,pos,0.74931077,,
2062013,pos,0.77300031,,
2062013,neu,0.93028974,,
2072013,neu,0.90897035,neg,0.47494913
2072013,neu,0.98775005,,
2072013,neu,0.98421353,,
2082013,neu,0.94783132,,
2112013,neu,0.97132775,pos,0.41595918
2132013,neg,0.77729411,,
2142013,pos,0.88613324,,
2112013,neu,0.99598847,neu,0.68708873
2092013,neu,0.62310427,neu,0.62705222
2092013,neu,0.99306499,,
2092013,neu,0.99866144,,
2132013,neu,0.8004744,,
2142013,neu,0.99644745,,
2182013,neu,0.77866467,neg,0.45755798
2242013,neu,0.98311466,neu,0.66859539
2192013,neu,0.92430072,neg,0.50519279
2222013,neu,0.44709957,pos,0.72627023
2192013,neu,0.82349366,neu,0.82870155
2192013,neu,0.99645019,neg,0.55407413
2272013,neg,0.98816549,neg,0.94353782
2282013,neu,0.58949789,neu,0.36157261
2292013,neg,0.54322967,neu,0.41055134
3012013,neg,0.54322967,neu,0.41055134
3012013,pos,0.98522231,,
3012013,pos,0.974933,,
2262013,neu,0.99670789,,
2222013,neu,0.85768936,pos,0.56681986
2282013,neu,0.46441908,neu,0.42918842
2292013,pos,0.98522231,,
2292013,pos,0.974933,,
2262013,neu,0.99972719,neu,0.9720525
2262013,neu,0.99923648,neu,0.80317852
2262013,neg,0.97972365,,
2262013,neg,0.9913401,,
2262013,neu,0.99933325,neu,0.96398216
3042013,neu,0.99984937,,
3052013,neu,0.99228334,,
3052013,neu,0.99687172,,
3052013,neu,0.97388305,,
3062013,neu,0.98110131,,
3062013,pos,0.61659421,,
3082013,neg,0.90348298,,
3082013,neg,0.80899772,neg,0.69814236
3082013,neg,0.6744618,neu,0.51249143
3122013,neg,0.90967812,,
3122013,neg,0.92820466,,
3122013,neu,0.70331398,neu,0.52929264
3142013,neu,0.3832462,,
3142013,neg,0.56144488,,
3142013,neg,0.54098777,,
3142013,neg,0.66982608,,
3142013,pos,0.40668166,,
3082013,neg,0.93231608,neg,0.68119095
3082013,neg,0.7730394,,
3152013,neu,0.99064693,,
3152013,neu,0.99815543,pos,0.79340783
3132013,neu,0.92506112,,
3142013,neu,0.99952144,,
3132013,neu,0.85475555,,
3132013,neu,0.96662489,,
3132013,pos,0.77827996,,
3132013,pos,0.66454866,,
3182013,neu,0.62115025,pos,0.5428478
3192013,neu,0.99190725,,
3192013,neu,0.99007499,,
3222013,neg,0.55242434,neg,0.44712296
3222013,neu,0.98710918,,
3222013,neu,0.91478102,,
3212013,pos,0.55824369,pos,0.69388538
3242013,neu,0.97409356,neu,0.72008743
3222013,neu,0.8311888,pos,0.55211514
3222013,neu,0.90315426,pos,0.55835546
3222013,neu,0.99639154,pos,0.81185725
3212013,pos,0.55190127,neg,0.91900057
3212013,neu,0.92151154,,
3212013,neu,0.93319863,,
3212013,neu,0.72221122,,
3212013,neu,0.5380071,,
3212013,neu,0.5854878,,
3272013,neu,0.73461195,neg,0.65772374
3282013,neu,0.70075267,,
3312013,neu,0.49876125,,
4042013,pos,0.80957115,,
4042013,pos,0.51814873,,
4042013,pos,0.41705264,,
4022013,neu,0.97919278,neg,0.97672757
4022013,neu,0.94655133,neg,0.96563533
4032013,neu,0.62295919,,
4032013,neu,0.89832915,,
4032013,neu,0.54924083,,
4032013,neg,0.69643279,,
4052013,neu,0.7584212,,
4052013,neu,0.77666012,,
4052013,neu,0.98574568,,
4052013,neu,0.93316307,,
4092013,neu,0.99993933,,
4092013,neu,0.69376205,,
4092013,neu,0.9923853,neu,0.57734946
4092013,neu,0.97622607,neu,0.47012512
4162013,neg,0.65654857,,
4162013,neu,0.99950638,,
4152013,neu,0.83382549,neg,0.67521434
4172013,neg,0.72666202,,
4182013,neu,0.77337044,,
4162013,neg,0.654757,,
4172013,neg,0.81131162,,
4172013,neu,0.97703295,,
4172013,neu,0.98444144,,
4112013,neu,0.85854702,pos,0.67415243
4112013,neu,0.81021983,neu,0.53507826
4112013,neu,0.50524276,neg,0.48020442
4192013,neu,0.52813485,,
4192013,neg,0.63738037,,
4182013,neu,0.60263247,,
4182013,neu,0.90563278,pos,0.48467879
4182013,neg,0.59287454,,
4182013,neg,0.7416315,,
4182013,neu,0.7449456,,
4182013,neu,0.91286556,,
4182013,neg,0.41623418,neu,0.44301523
4182013,neu,0.99683989,,
4222013,neu,0.96208591,neg,0.45833362
4222013,neu,0.92936228,neg,0.54070281
4222013,neu,0.80715762,neu,0.618587
4222013,neu,0.58704794,,
4222013,neg,0.72608155,,
4242013,neu,0.99726107,,
4242013,pos,0.70112604,,
4242013,neg,0.78123422,,
4252013,neu,0.87342703,,
4252013,neu,0.92383714,,
4252013,pos,0.5333124,pos,0.78907622
4292013,neg,0.47427574,,
4222013,neu,0.99627105,neu,0.89008161
4222013,neu,0.99572914,neu,0.84712723
4222013,neu,0.93798436,,
4222013,neu,0.81700669,pos,0.37993926
4312013,neu,0.99721478,,
4312013,neu,0.99999975,,
4312013,neu,0.99868281,,
5012013,neu,0.99721478,,
5012013,neu,0.99999975,,
5012013,neu,0.99868281,,
5032013,neu,0.8586198,,
5022013,neu,0.89251134,,
5032013,neu,0.96213646,,
5032013,neu,0.60691162,,
5062013,neu,0.98293733,neu,0.77071089
5062013,neu,0.85495057,neu,0.65392178
5062013,pos,0.69840864,,
5062013,pos,0.49724805,,
5072013,neg,0.94400842,,
5082013,neu,0.99997458,,
5082013,neu,0.99823618,neu,0.54321564
5082013,neu,0.99790323,neu,0.54321564
5092013,neu,0.93098767,,
5092013,pos,0.4758915,neu,0.88746972
5092013,neu,0.87745076,,
5152013,pos,0.9499206,,
5162013,pos,0.67693079,,
5172013,pos,0.86312845,pos,0.57877845
5172013,neu,0.91940839,,
5172013,neu,0.87837914,,
5142013,neu,0.97540604,,
5142013,neg,0.9027628,,
5152013,pos,0.91122315,,
5152013,neu,0.91564069,,
5152013,neg,0.68315348,pos,0.55209165
5152013,neu,0.94800588,,
5152013,neu,0.94756203,,
5162013,neg,0.67092014,,
5162013,neg,0.74942205,,
5162013,neu,0.74482672,,
5162013,neg,0.62619183,,
5162013,neu,0.71310827,,
5162013,neg,0.44956065,,
5202013,neu,0.5744043,pos,0.64515623
5202013,pos,0.61581566,neu,0.75035449
5222013,neu,0.97912847,,
5222013,neu,0.91787648,,
5222013,neg,0.63007712,neu,0.86819101
5232013,neu,0.44881771,,
5232013,pos,0.49411134,,
5232013,neu,0.93116179,,
5242013,neu,0.43607071,,
5212013,neg,0.43496342,,
5212013,neg,0.55253732,neu,0.83404435
5212013,neg,0.58449035,neu,0.86819101
5212013,neu,0.48602502,pos,0.68071717
5282013,neu,0.77885457,,
5282013,neu,0.98806066,neu,0.88948448
5292013,neu,0.98949897,,
5242013,neu,0.83374789,,
5242013,neu,0.97404673,,
5242013,pos,0.46433132,,
5242013,pos,0.58664941,,
5242013,neu,0.69381146,neu,0.41316541
5302013,neu,0.68818333,,
6072013,neu,0.98744662,,
6092013,neu,0.7917449,neu,0.42565272
6112013,pos,0.51581593,,
6112013,neu,0.99391417,,
6112013,neu,0.64478633,,
6112013,neu,0.62163196,,
6112013,neu,0.77853929,,
6112013,neu,0.8123093,,
6122013,pos,0.90485036,,
6132013,neu,0.95682322,,
6152013,neg,0.60697426,,
6172013,neu,0.9998157,,
6202013,neg,0.97480744,neg,0.85145188
6202013,neg,0.94748265,neg,0.72626199
6202013,neu,0.87104036,,
6202013,neg,0.74269052,,
6242013,pos,0.7143278,pos,0.77171139
6252013,neg,0.86788507,,
6252013,neu,0.98542758,neu,0.93153659
6252013,neu,0.87965035,pos,0.43098661
6252013,neg,0.75924661,,
6172013,neu,0.95685045,neg,0.48663273
6202013,neu,0.99817393,,
6202013,pos,0.91222224,,
6202013,pos,0.84161815,,
6242013,pos,0.88923596,pos,0.77985568
6262013,pos,0.95436624,,
6272013,neg,0.89277999,,
6312013,neu,0.76512375,,
6282013,neu,0.95735672,neu,0.82675118
7012013,neu,0.76512375,,
7012013,neu,0.6813387,,
6312013,neu,0.6813387,,
7022013,pos,0.56704731,,
7032013,neu,0.9767048,neu,0.49044074
6182013,neg,0.63846172,,
6182013,neu,0.89386746,,
6182013,neu,0.89170265,,
6182013,neg,0.75763916,,
7092013,neg,0.61341872,,
7122013,neu,0.8329083,,
7122013,neu,0.74559237,,
7122013,neu,0.69446672,,
7152013,neg,0.91249769,,
7192013,neg,0.51209291,,
7192013,neg,0.59073968,,
7192013,neu,0.68525081,,
7192013,neu,0.90565023,neg,0.6196818
7192013,neu,0.84353982,,
7192013,neu,0.98582771,neg,0.597382
7192013,neu,0.99352971,neg,0.67431092
7192013,neu,0.99851462,neu,0.71915978
7192013,neu,0.99884178,neg,0.58236556
7172013,neu,0.7922703,pos,0.54812117
7212013,neg,0.56189371,pos,0.52155506
7182013,neg,0.65660529,,
7182013,neu,0.51958164,,
7182013,neu,0.99976576,neu,0.46013798
7232013,neu,0.57995399,,
7242013,neg,0.6140959,,
7242013,neg,0.67059234,,
7242013,neg,0.38779158,,
7172013,neu,0.96959325,neg,0.50256267
7182013,neu,0.99983397,neu,0.50246916
7182013,pos,0.67508704,,
7182013,pos,0.58226424,,
7182013,neu,0.79915567,,
7182013,neu,0.92812954,,
7312013,neu,0.9329558,,
7312013,neu,0.56525065,,
7302013,neu,0.99266656,neu,0.62057592
7302013,neu,0.95931775,neg,0.58811682
7302013,neu,0.98210497,neu,0.52264032
7262013,neu,0.99488356,,
8012013,neg,0.68485617,,
8012013,pos,0.72637874,neu,0.55409967
7222013,neu,0.74497244,neu,0.37665283
7222013,neg,0.76474887,,
7222013,neg,0.98166519,,
7222013,neu,0.80027859,,
7222013,neu,0.64339608,,
7222013,neu,0.92404592,,
7302013,neu,0.99857784,neg,0.44508118
7302013,neu,0.99851747,neg,0.64194696
8012013,pos,0.71046889,neu,0.55409967
8012013,neg,0.57723306,,
8012013,neu,0.58156885,,
8062013,neu,0.50426157,pos,0.39852879
8062013,neu,0.80296197,neg,0.49977089
8062013,neu,0.86343356,neg,0.49977089
8092013,neg,0.76484119,,
8092013,neg,0.90467594,,
8092013,neg,0.81316266,,
8072013,neu,0.98831703,,
8072013,neg,0.76587792,pos,0.54527529
8162013,neu,0.67205953,,
8212013,neu,0.99669726,,
8222013,neg,0.51741927,neg,0.48609032
8212013,neu,0.89018161,,
8212013,neu,0.9428766,,
8212013,neg,0.97656012,neg,0.9378482
8212013,neg,0.97936016,neg,0.85969611
8212013,neu,0.92386662,,
8212013,neu,0.94114038,,
8212013,neg,0.55337114,,
8232013,neg,0.9055076,,
8252013,neu,0.9642916,pos,0.44259408
8262013,neu,0.80598556,neg,0.45794294
8272013,neg,0.79918204,,
8272013,neu,0.73681292,neg,0.43374669
8302013,neu,0.46446779,,
9032013,neu,0.93309071,,
9052013,neu,0.99342288,,
9052013,neu,0.91981908,,
9052013,neg,0.58222836,,
9102013,neu,0.90342391,pos,0.56313505
9102013,neu,0.93773653,,
9102013,neu,0.51941989,,
9102013,neu,0.68348678,,
9092013,neu,0.98397476,,
9092013,pos,0.47993994,pos,0.56825149
9092013,pos,0.4342924,pos,0.47117799
9092013,neg,0.85623311,,
9092013,neg,0.88439674,,
9112013,neg,0.44527371,pos,0.51716326
9112013,neu,0.95277609,,
9172013,neu,0.99999873,,
9172013,neu,0.99999623,,
9182013,pos,0.797106,,
9182013,neu,0.75450323,neg,0.50572608
9182013,neu,0.82969939,neg,0.50572608
9192013,neu,0.88633008,,
9192013,neu,0.98036062,,
9192013,neu,0.9860448,,
9262013,neu,0.86834186,,
9262013,pos,0.83842002,,
9262013,neu,0.84652042,,
9262013,neg,0.78141475,,
9262013,neg,0.90541984,,
9262013,pos,0.51219994,,
9262013,neu,0.46962544,,
9262013,neu,0.97525239,,
9262013,neu,0.89611914,,
9232013,neg,0.75233445,neg,0.67939709
9232013,pos,0.36196014,neg,0.67939709
9232013,pos,0.37505023,neg,0.67939709
9232013,pos,0.3593825,neg,0.69363124
9242013,neu,0.95852324,,
9242013,neu,0.92019939,,
9252013,neu,0.96590166,,
9272013,neu,0.97553618,neg,0.45603447
9272013,neg,0.88276831,,
9252013,neu,0.99369979,,
9252013,neu,0.99915808,pos,0.40295004
9252013,pos,0.40579738,neg,0.67939709
9252013,neu,0.98959265,,
9272013,pos,0.87809241,,
9272013,neu,0.84652042,,
9302013,neg,0.88276831,,
9312013,neg,0.85921239,,
9312013,pos,0.83445086,,
9312013,neu,0.99023941,,
9312013,pos,0.70306847,pos,0.70601146
9312013,pos,0.47687823,pos,0.4588407
10022013,neg,0.787245,pos,0.7442135
10022013,neg,0.74717178,pos,0.7442135
10022013,neu,0.98979789,,
10022013,neg,0.88673642,pos,0.7442135
10022013,neu,0.97705226,,
10022013,neu,0.95944107,,
10032013,neu,0.96181872,,
10032013,neu,0.82441538,,
10032013,neg,0.80511434,neg,0.58406429
10032013,neu,0.61306769,neg,0.58406429
10032013,neu,0.68383386,neu,0.56779194
9302013,pos,0.88370343,,
9312013,neu,0.68455478,neg,0.64016855
9312013,neg,0.62089151,,
10032013,neu,0.88664534,neu,0.56779194
10032013,neu,0.98843181,,
10082013,neu,0.9133107,neu,0.86004229
10112013,neg,0.91790838,,
10112013,neu,0.58035076,,
10112013,neg,0.91438879,,
10112013,neg,0.92334071,,
10112013,neu,0.99834994,,
10142013,neg,0.90025119,,
10152013,neu,0.97495374,,
10152013,neg,0.46781294,,
10152013,neu,0.8930276,neu,0.67233318
10212013,neu,0.96967669,neu,0.38909642
10012013,neg,0.85921239,,
10012013,pos,0.83445086,,
10222013,pos,0.62814196,,
10172013,neu,0.99848217,,
10172013,neu,0.94532155,,
10182013,neu,0.98635098,,
10212013,neu,0.99969375,pos,0.64984825
10212013,neu,0.97139441,pos,0.64984825
10212013,neg,0.5133946,pos,0.6044568
10012013,neu,0.99023941,,
10012013,pos,0.70306847,pos,0.70601146
10012013,pos,0.47687823,pos,0.4588407
10012013,neu,0.68455478,neg,0.64016855
10012013,neg,0.62089151,,
10172013,neg,0.4775773,,
10172013,neg,0.56979628,,
10182013,neu,0.99170254,,
10182013,neg,0.6741288,,
10182013,neu,0.4915106,pos,0.69494388
10182013,neu,0.99820217,,
10182013,neu,0.94012335,,
10182013,neu,0.89915797,,
10182013,neu,0.98675564,,
10182013,neu,0.99885111,,
10242013,neg,0.60403196,,
10282013,neu,0.68270925,neu,0.90628938
10292013,pos,0.88681721,,
10292013,pos,0.53781264,neu,0.89130016
10292013,pos,0.71097095,neu,0.91423283
11012013,neu,0.98697659,pos,0.77362485
11042013,neg,0.92679213,,
11042013,neu,0.55072509,neu,0.48234579
11042013,neg,0.68151741,neu,0.53453576
11042013,neu,0.9984184,,
10312013,neg,0.65257249,neg,0.92140096
11012013,neg,0.83232148,,
11012013,neg,0.88870161,,
11042013,neu,0.68310693,neu,0.93226349
10312013,pos,0.78523023,,
10312013,pos,0.6020719,,
10312013,neu,0.74234789,,
10312013,neu,0.92412455,,
10312013,neu,0.84428387,,
10312013,neu,0.7332009,,
10312013,neg,0.73856432,,
10312013,neg,0.85081205,,
11052013,neu,0.63388692,,
11062013,neu,0.95906422,,
11062013,neu,0.99387738,neu,0.92748538
11062013,neu,0.97563714,neu,0.87583235
10302013,neu,0.98581019,neg,0.73499602
10302013,neu,0.91210321,neu,0.46916632
10302013,neg,0.49207555,neu,0.98959972
10302013,neu,0.97102273,neg,0.436696
11112013,neu,0.98991605,pos,0.71506173
11072013,neu,0.98660098,neg,0.70973766
11132013,neu,0.99529804,,
11132013,neu,0.97603576,neu,0.44549614
11132013,neu,0.99496761,neu,0.44549614
11132013,neu,0.9996065,,
11132013,neg,0.59627183,,
11142013,neu,0.99967191,,
11142013,neu,0.95863511,,
11142013,neu,0.97946858,,
11142013,neu,0.76151964,,
11072013,neu,0.99936451,,
11192013,neu,0.71031035,,
11192013,neu,0.8478369,,
11152013,neu,0.98990139,neg,0.90123607
11182013,neu,0.93851407,neg,0.4072067
11182013,neu,0.98536028,neg,0.38289921
11182013,neu,0.6478975,neu,0.81765765
11152013,neu,0.99986804,,
11212013,neu,0.98801493,,
11212013,neu,0.98933847,,
11252013,neu,0.99852055,,
11252013,neg,0.64237099,,
11252013,neu,0.50214817,,
11252013,neu,0.90927187,,
11282013,neu,0.63460854,neu,0.59221026
11282013,neg,0.68237283,neu,0.61023435
11302013,neu,0.98342975,,
12032013,neu,0.9359514,,
12052013,neu,0.95834693,,
12052013,neu,0.83940486,,
12092013,neu,0.9999945,,
12092013,neu,0.99999571,,
12092013,neu,0.97720929,neu,0.57879947
12042013,neu,0.99980657,,
12042013,neu,0.96590611,,
12042013,neu,0.99599824,,
12042013,neu,0.99892639,,
12102013,neu,0.95141991,,
12102013,neg,0.99266936,,
12132013,neu,0.83835161,,
12132013,neu,0.58176249,,
12132013,neu,0.81970293,,
12132013,neg,0.73839899,,
12112013,neu,0.86429794,,
12112013,neu,0.550767,,
12112013,neg,0.51690509,,
12112013,neu,0.98766979,,
12112013,neu,0.99928775,,
12112013,neu,0.99999582,,
12032013,neu,0.76900312,,
12032013,neu,0.78359969,,
12032013,neu,0.80059798,,
12112013,neu,0.9989727,,
12112013,neu,0.90815765,,
12172013,neu,0.75761637,neg,0.72793653
12162013,neu,0.94088805,pos,0.68423013
12162013,neu,0.99067434,,
12162013,neu,0.98937849,,
12162013,neu,0.98321963,,
12162013,neu,0.99590278,,
12182013,neu,0.68699735,neg,0.64735076
12192013,neg,0.75253475,neg,0.72806915
12192013,neu,0.99842925,,
12192013,neu,0.99839681,,
12192013,neu,0.999263,,
12202013,pos,0.61949377,neg,0.58328605
12172013,neu,0.96813154,,
12172013,neu,0.98659564,,
12192013,neu,0.77743466,,
12192013,neu,0.72790951,,
12192013,neu,0.99552887,neg,0.42380994
12202013,pos,0.65432856,neg,0.70731343
12202013,neu,0.98272249,neu,0.71555616
12202013,neu,0.95932496,pos,0.54445847
12272013,neg,0.96435787,,
1072014,neu,0.98678334,,
1072014,neu,0.90507264,pos,0.55347416
1072014,neu,0.95287371,,
1082014,neu,0.96736216,neu,0.48693535
1062014,neu,0.97101271,,
1062014,neu,0.96136005,,
1062014,neu,0.9671198,,
1092014,pos,0.86981803,,
1092014,neu,0.96624609,,
1092014,neu,0.98094396,,
1092014,neu,0.98269509,pos,0.71810824
1142014,neu,0.9999824,,
1142014,neu,0.99990087,,
1142014,neu,0.99005072,neg,0.47835586
1082014,neu,0.96555852,,
1082014,neu,0.9392292,,
1062014,neu,0.9338434,,
1102014,neu,0.96662191,neg,0.46056982
1102014,neu,0.96796025,neg,0.51851186
1132014,neu,0.99918852,,
1132014,neu,0.99918852,,
1132014,neu,0.99712158,,
1152014,neu,0.93193844,,
1152014,neu,0.95453756,neu,0.77044472
1142014,neu,0.97522067,neu,0.62647088
1142014,neu,0.99954461,,
1142014,neu,0.99866734,,
1142014,neg,0.48996441,,
1142014,neg,0.52284542,,
1142014,neu,0.52102032,,
1172014,neu,0.99995426,,
1172014,neu,0.99997074,,
1172014,neu,0.99999042,,
1172014,pos,0.54419562,,
1162014,pos,0.49976134,,
1162014,neg,0.55657537,,
1162014,neg,0.74691921,,
1162014,pos,0.8491425,,
1102014,neu,0.96212828,neu,0.58301758
1102014,neu,0.97059151,,
1102014,neu,0.98323267,,
1102014,pos,0.9226168,,
1132014,neu,0.93853055,,
1132014,neu,0.91578078,,
1152014,neu,0.99247325,neu,0.66260969
1152014,neu,0.99033247,neu,0.5814343
1152014,neu,0.97848186,neg,0.48103541
1152014,neu,0.84319844,neu,0.3784595
1152014,neu,0.74692982,neu,0.3784595
1152014,neu,0.99953186,,
1152014,neu,0.99975936,,
1202014,neu,0.38057915,,
1172014,neu,0.52251542,,
1172014,neu,0.58596664,,
1162014,neu,0.4823979,,
1242014,neg,0.73002003,,
1242014,neg,0.96213926,,
1242014,neu,0.9671615,neg,0.83669019
1242014,pos,0.85762457,pos,0.55798337
1242014,neu,0.64627852,neu,0.46991943
1252014,neg,0.87426927,,
1262014,neu,0.87701849,,
1262014,neu,0.74773866,,
1272014,neu,0.56957773,,
1312014,neu,0.95383258,,
2052014,neu,0.52963484,,
2052014,pos,0.52031892,pos,0.91339266
2052014,neu,1,,
2052014,neu,0.99999998,,
1292014,neu,0.94709744,neu,0.88609511
1292014,neu,0.99560808,pos,0.56116809
1292014,neu,0.99744074,pos,0.56116809
1292014,pos,0.77135068,pos,0.72495005
1292014,neu,0.70863581,neu,0.72237752
2042014,neu,0.96620281,,
2042014,neu,0.99999997,,
2042014,neu,0.99999858,,
2042014,neu,0.99999998,,
2042014,neu,0.98953471,,
2042014,neu,0.97846434,,
2042014,neu,0.97262308,,
1302014,neu,0.96137249,,
2072014,neu,0.99796004,neu,0.89687644
2072014,neu,0.92318294,,
2072014,neu,0.7990638,,
2072014,neu,0.94167839,,
2072014,neu,0.75949082,,
1292014,neu,0.65393766,neu,0.75776968
1292014,neu,0.89831209,pos,0.92340445
1292014,neu,0.89831209,pos,0.92340445
2042014,neu,0.99293771,,
2042014,neu,0.87613834,,
1302014,neu,0.99937756,,
1302014,neu,0.99967801,,
1302014,neu,0.99553433,,
1302014,neu,0.99958078,,
1302014,neu,0.99957859,,
1302014,neu,0.96944979,,
1302014,neu,0.99995381,,
1302014,neu,0.99978326,,
2072014,neu,0.94720714,,
2062014,pos,0.40665353,,
2062014,pos,0.4695651,,
2062014,neu,0.99953556,,
2102014,neu,0.88567188,,
2142014,pos,0.7719434,neg,0.46502868
2062014,pos,0.65167802,,
2062014,pos,0.61927111,,
2062014,neu,0.87743061,,
2132014,neu,0.99718007,,
2132014,neu,0.92444324,neg,0.59213966
2132014,neu,0.99029593,,
2132014,neu,0.94123809,neg,0.54040289
2182014,neu,0.97210957,,
2182014,neg,0.9570515,,
2132014,neu,0.99022735,,
2132014,pos,0.68114818,,
2132014,pos,0.75096873,,
2132014,neu,0.96050287,,
2192014,neg,0.71939504,,
2192014,neg,0.87855904,,
2192014,neu,0.98879513,,
2192014,neu,0.99630545,,
2192014,neu,0.52357045,,
2192014,neu,0.65482676,,
2202014,neu,0.99997673,,
2202014,neg,0.49453395,neu,0.37461266
2202014,neu,0.99972836,,
2202014,neu,0.99977022,,
2202014,neg,0.92627086,,
2212014,neu,0.99766919,,
2212014,pos,0.59934043,neg,0.63054289
2212014,neu,0.99568842,,
2212014,neu,0.99610221,,
2232014,neu,0.5953235,,
2232014,neu,0.99887683,,
2232014,neu,0.9977808,,
2252014,neg,0.94926111,,
2252014,neg,0.56410877,,
2252014,neu,0.94428897,,
2272014,neg,0.51766384,pos,0.56287454
2242014,neg,0.6441629,,
2242014,neu,0.99826048,,
2242014,neu,0.65516467,pos,0.70403242
2242014,neu,0.99995945,,
2242014,neu,0.99994159,,
2242014,neu,0.68247635,pos,0.67964939
2242014,neu,0.55001398,pos,0.67964939
2242014,neu,0.99983717,neu,0.57985088
2262014,neu,0.98876678,,
2262014,neu,0.73653203,,
2262014,neu,0.98668819,,
2262014,neu,0.88306075,,
2262014,neu,0.91909154,,
2282014,neu,0.99466434,neu,0.65333592
2282014,neg,0.85124809,,
2282014,neg,0.89166205,,
2282014,neg,0.81704969,,
2282014,neg,0.77981168,,
2312014,neu,0.86889759,,
2312014,neu,0.58786228,,
2312014,neg,0.48918283,,
3052014,neu,0.68708384,,
2292014,neu,0.91351128,neu,0.64280898
2292014,neu,0.89328154,neu,0.64280898
3012014,neu,0.91351128,neu,0.64280898
3112014,neu,0.66145523,,
3112014,neu,0.46633336,,
3102014,neu,0.3884384,,
3132014,neg,0.73040719,,
3132014,neu,0.99778174,,
3132014,neu,0.74182203,,
3012014,neu,0.89328154,neu,0.64280898
3032014,neu,0.86889759,,
3032014,neu,0.58786228,,
3032014,neg,0.48918283,,
3172014,neg,0.70000613,,
3172014,neg,0.80498137,,
3172014,neg,0.45672546,,
3182014,neg,0.92364332,,
3182014,neg,0.73709241,,
3192014,pos,0.70560466,,
3192014,neu,0.47908279,,
3202014,pos,0.99200831,neu,0.79527335
3202014,pos,0.98231603,neu,0.82040251
3202014,pos,0.60419784,,
3202014,pos,0.68197994,pos,0.53059548
3202014,neu,0.83977948,,
3212014,neg,0.57819235,,
3212014,pos,0.99107936,neu,0.91576687
3212014,pos,0.99202211,neu,0.81942018
3212014,neg,0.94532332,,
3222014,pos,0.46386588,,
3242014,neu,0.93926994,,
3242014,neu,0.98144329,neu,0.60521268
3242014,neg,0.74007045,,
3242014,neg,0.8454122,,
3252014,neu,0.76268937,,
3252014,neu,0.71155952,neg,0.46743738
3252014,neu,0.73694793,pos,0.49490232
3252014,neu,0.96261376,pos,0.53471925
3272014,neu,0.76751864,,
3272014,neu,0.82974164,,
3272014,neu,0.4636788,pos,0.46235711
3262014,neu,0.93850933,,
3272014,neu,0.65880151,,
3272014,neu,0.65880151,,
3262014,neu,0.99522629,,
3262014,neg,0.44566956,,
3262014,neu,0.99416261,,
3282014,neu,0.62565485,neg,0.69915642
3282014,neu,0.80571898,neu,0.59350324
3282014,pos,0.83158417,,
3282014,pos,0.83551275,neg,0.73239263
4022014,neu,0.92479527,,
4022014,neu,0.95353821,,
4032014,neu,0.94229558,neu,0.78634619
4032014,neu,0.81840261,,
4032014,neu,0.83184666,,
4032014,neu,0.76277268,,
4032014,neu,0.91885712,,
4032014,neu,0.86458465,,
4062014,neu,0.99983934,pos,0.74648077
4082014,neu,0.9850524,,
4082014,neu,0.8535197,neu,0.73335392
4082014,neu,0.62769444,neu,0.67697729
4102014,neu,0.98618944,,
4102014,pos,0.62625089,,
4102014,neu,0.63438959,,
4142014,neu,0.76626722,,
4142014,neu,0.51085359,,
4142014,neg,0.5998152,,
4142014,neu,0.99334361,,
4142014,neu,0.89822092,,
4142014,neu,0.92578077,,
4142014,neu,0.9774888,,
4142014,neu,0.99363326,,
4142014,neu,0.98851154,,
4152014,neu,0.97808752,,
4162014,neu,0.80063121,,
4162014,neu,0.95136446,,
4162014,neu,0.67477071,neu,0.88042106
4212014,neu,0.9337653,,
4212014,neu,0.8282669,,
4212014,neg,0.53635832,,
4212014,neu,0.57754742,,
4212014,neu,0.5239269,,
4212014,neu,0.52973998,,
4172014,neu,0.97286673,,
4172014,neu,0.98606649,,
4172014,neu,0.79517451,,
4172014,neg,0.92418979,,
4172014,neg,0.94135058,,
4172014,neu,0.93092683,pos,0.42459323
4152014,neu,0.95491642,,
4172014,neu,0.98970058,pos,0.56821018
4172014,neu,0.99964444,,
4172014,neu,0.61717548,,
4242014,neg,0.96798206,,
4242014,neg,0.97844984,,
4242014,pos,0.81907949,,
4242014,pos,0.75166039,,
4242014,neu,0.91735973,,
4242014,neu,0.74790984,,
4242014,neg,0.79218236,,
4242014,neu,0.96004837,,
4252014,neu,0.51904679,neg,0.56207339
4252014,neu,0.92959787,neg,0.63429035
4252014,neg,0.51144532,,
4282014,neu,0.85240215,,
4292014,neu,0.99647553,,
4292014,neu,0.93880859,,
4302014,neu,0.9919315,pos,0.52727379
4302014,neu,0.99411831,pos,0.52727379
4302014,pos,0.84741397,neg,0.48457802
4312014,neu,0.98430392,,
5012014,neu,0.98430392,,
5022014,neu,0.99656564,neu,0.5735039
5022014,neg,0.75701563,,
5022014,neg,0.59374851,,
5022014,neg,0.71956243,,
5072014,neu,0.98076644,,
5072014,neu,0.95951711,,
5122014,neu,0.95844445,,
5162014,neg,0.88580604,,
5162014,neg,0.56219645,pos,0.44916994
5142014,neu,0.99919927,,
5142014,neg,0.57576371,,
5142014,neg,0.84901988,,
5142014,neu,0.86439371,,
5142014,neg,0.86495921,,
5172014,neu,0.846186,neu,0.6436875
5172014,neu,0.97419397,neu,0.690337
5172014,neg,0.88638737,,
5172014,neg,0.93516829,,
5152014,neu,0.59640456,,
5192014,neu,0.68596971,,
5192014,neu,0.88764947,,
5192014,neu,0.48403065,,
5192014,neg,0.69728676,,
5192014,neu,0.66590673,,
5232014,pos,0.68730973,,
5232014,pos,0.56441719,,
5282014,neg,0.6367599,,
5282014,neg,0.6586848,,
5292014,neu,0.99956744,,
5292014,neu,0.6774674,,
5292014,neg,0.77113145,,
5292014,neu,0.52239853,,
5292014,neu,0.9957554,,
5292014,neu,0.98775039,,
5302014,neu,0.52122876,neg,0.83661962
5302014,neu,0.96308126,neu,0.95805736
5302014,neu,0.77773901,neu,0.69735177
5302014,neu,0.46710575,,
6052014,neu,0.99866256,neg,0.93157824
6062014,neu,0.66040163,neu,0.64129566
6022014,neg,0.9425192,,
6022014,neg,0.88338474,,
6022014,neu,0.67108981,,
6022014,neg,0.85056313,,
6022014,neg,0.97610883,,
6022014,neg,0.97610883,,
6022014,neu,0.93761182,,
6022014,neu,0.96921531,,
6102014,neu,0.84545403,,
6102014,neu,0.9224005,,
6102014,neu,0.5028616,,
6122014,pos,0.64302748,,
6122014,neu,0.64161753,,
6132014,neu,0.93171503,,
6152014,neu,0.99194501,,
6172014,neu,0.96266178,,
6172014,neu,0.71030046,,
6172014,neu,0.99879117,,
6192014,pos,0.64495966,,
6192014,neu,0.66121671,,
6192014,neu,0.50509241,,
6192014,pos,0.97874033,,
6192014,pos,0.98062057,,
6212014,pos,0.65740043,neg,0.51756148
6212014,neg,0.74241837,,
6212014,neg,0.76312178,,
6242014,neg,0.9271232,,
6252014,neu,0.99871525,,
6252014,neu,0.96923777,,
6252014,neu,0.95415889,,
6252014,neu,0.65961245,,
6232014,neg,0.84549102,,
6232014,neu,0.60160284,,
6232014,neu,0.61043326,,
6242014,neg,0.93573909,,
6252014,neu,0.76910905,,
6252014,neu,0.73656087,,
6252014,neu,0.89382919,,
6262014,neg,0.63389363,,
6262014,neu,0.96958412,neu,0.79892084
6262014,neg,0.49450499,pos,0.56183472
6272014,pos,0.80850843,neg,0.41452534
6282014,pos,0.55387135,pos,0.7817679
6282014,pos,0.88344989,pos,0.45692639
6282014,pos,0.89338227,pos,0.45692639
6282014,pos,0.81953713,neg,0.41803636
7012014,neu,0.68440937,,
7012014,neu,0.98021278,,
7012014,neu,0.90521755,,
7022014,neu,0.9982367,,
7022014,neu,0.9997546,,
7032014,neu,0.99996377,,
7032014,neu,0.98189807,,
7032014,neu,0.71952244,,
7032014,neu,0.52954753,,
7032014,neg,0.69430322,,
7062014,neu,0.99995568,,
7072014,neu,0.53919792,neu,0.74248573
7072014,neu,0.93847304,,
7072014,neu,0.99809828,neu,0.80756882
7072014,neu,0.99809025,neu,0.55703206
7112014,neg,0.88844145,,
7112014,neg,0.57280773,,
7112014,neg,0.46144791,,
7092014,neu,0.83453114,pos,0.6883489
7092014,pos,0.50259486,pos,0.69624545
7102014,neu,0.9302619,,
6312014,neu,0.68440937,,
6312014,neu,0.98021278,,
6312014,neu,0.90521755,,
6302014,pos,0.57578588,neu,0.52930179
6302014,neg,0.65365267,,
6302014,pos,0.60550075,neu,0.52930179
6302014,neu,0.99999838,,
7152014,neu,0.88653949,,
7152014,neu,0.78603614,,
7152014,neu,0.87421547,,
7152014,pos,0.65458086,pos,0.48632881
7152014,pos,0.55132946,neu,0.42816291
7152014,neu,0.9999642,,
7102014,neg,0.49722601,,
7102014,neg,0.68185782,,
6302014,neu,0.99999406,,
6302014,neu,0.99999779,,
7152014,neu,0.43203143,pos,0.69404544
7152014,neu,0.61186299,,
7152014,neu,0.83394106,neu,0.77417574
7172014,neu,0.55392482,,
7172014,neg,0.58054678,,
7172014,neu,0.44138378,,
7172014,neg,0.93954092,neg,0.51547829
7172014,neu,0.99956032,,
7182014,neg,0.62856517,neu,0.80362789
7182014,neu,0.99390525,,
7182014,neg,0.92872784,,
7182014,neu,0.63880556,,
7182014,neu,0.43850701,,
7182014,neu,0.64626706,,
7222014,neu,0.52150105,,
7222014,neg,0.59148162,,
7222014,neu,0.98998869,,
7222014,neu,0.99194975,,
7232014,pos,0.399791,,
7182014,neu,0.93217124,neg,0.67588698
7182014,neu,0.51334303,,
7182014,neg,0.66115614,neg,0.46431961
7212014,neg,0.59078222,neg,0.8214442
7222014,pos,0.61962065,,
7242014,neg,0.87872838,neg,0.70641027
7242014,neg,0.72512781,neg,0.88985412
7252014,neu,0.48564761,pos,0.47655141
7252014,pos,0.62303359,pos,0.45895241
7252014,neu,0.96429569,,
7302014,neg,0.6213011,,
7302014,pos,0.67212211,,
7312014,pos,0.67429122,,
8062014,neu,0.49325419,neg,0.6887469
8062014,neu,0.88833801,,
8062014,neu,0.84006779,,
8072014,pos,0.8140254,,
8082014,neu,0.56541554,,
8082014,neu,0.51973145,,
8082014,neu,0.71575796,,
8122014,neg,0.52643503,,
8082014,neu,0.97135133,neg,0.39376904
8082014,neg,0.94280127,,
8082014,neg,0.95339281,,
8142014,neu,0.99681194,,
8152014,neg,0.49427371,,
8132014,neu,0.91576773,,
8132014,neu,0.99329632,,
8172014,neu,0.97473809,,
8172014,neu,0.97296228,,
8202014,neg,0.67723341,,
8202014,neg,0.66065589,,
8202014,neu,0.7000173,neu,0.74541519
8192014,neg,0.94139602,,
8192014,neg,0.84535566,,
8252014,neu,0.99568071,,
8252014,neu,0.99832748,,
8252014,neu,0.9423603,,
8282014,neu,0.9316283,,
8262014,pos,0.66832776,,
8262014,neg,0.53145762,,
8262014,neu,0.88723576,neu,0.78363561
8292014,pos,0.37140721,,
8282014,neu,0.989066,,
8282014,neu,0.92582337,,
8282014,neu,0.7086197,neg,0.43364771
8282014,neu,0.98791758,,
9032014,neu,0.87648798,neu,0.88824954
9032014,neu,0.80325008,,
9032014,neu,0.67817515,,
9032014,neu,0.95026564,neu,0.85190275
9032014,neg,0.47517451,,
9032014,neu,0.99998943,,
9032014,neu,0.77047366,,
9032014,neu,0.82757767,,
9052014,neu,0.98461206,neu,0.71146225
9052014,neu,0.92329742,neu,0.48051464
9042014,neg,0.53381921,pos,0.45451423
9042014,neu,0.54743189,,
9042014,pos,0.74363562,,
9042014,pos,0.41633776,,
9042014,pos,0.41633776,,
9042014,neg,0.86307528,neg,0.87491183
9082014,neu,0.99029393,,
9082014,neu,0.9932128,,
9082014,neu,0.99378302,neu,0.97328649
9092014,neg,0.82127565,neu,0.68766694
9102014,neg,0.62730433,,
9102014,pos,0.59757929,,
9102014,neu,0.62459489,,
9102014,neu,0.99969633,neu,0.88796643
9102014,neu,0.99579352,neu,0.90454607
9102014,neu,0.99334747,neu,0.90747126
9102014,neg,0.59552477,pos,0.60556892
9042014,neu,0.94904583,,
9042014,neu,0.94234759,,
9122014,neu,0.75727635,neg,0.48819105
9122014,neu,0.77322257,neg,0.47776158
9122014,neu,0.81384185,,
9122014,neu,0.61289095,,
9122014,neu,0.96276267,,
9122014,neu,0.96583682,,
9122014,neg,0.75159916,neg,0.65125231
9102014,neu,0.71097922,neg,0.71404573
9122014,neu,0.98569779,,
9162014,neu,0.93926545,,
9162014,neu,0.9984724,,
9182014,neu,0.84095656,,
9182014,neu,0.94129323,neg,0.67816664
9182014,neu,0.68714452,neg,0.68619687
9182014,neu,0.97387824,,
9232014,neg,0.5292206,,
9222014,neu,0.58360302,,
9222014,neg,0.77726455,,
9222014,neu,0.7551866,neu,0.81927879
9222014,neu,0.43098403,,
9252014,neg,0.77343829,,
9252014,neu,0.88188853,pos,0.37444719
9252014,neu,0.92352379,pos,0.37444719
9252014,neu,0.9221672,neu,0.46071044
9252014,neu,0.89996859,pos,0.39275697
9232014,neu,0.5464957,,
9232014,neu,0.66154842,neu,0.76615702
9152014,neg,0.95040741,,
9152014,neu,0.96044994,,
9152014,neu,0.92371965,,
9152014,neu,0.97674401,,
9152014,neu,0.92436209,,
9292014,neu,0.99955567,neg,0.42864643
9302014,neu,0.95823942,,
9302014,neu,0.99524744,neu,0.70328974
9302014,neu,0.98173468,neu,0.7081001
9302014,neu,0.85594964,,
9302014,pos,0.63587208,,
9262014,neu,0.91251011,neg,0.45665395
9312014,neu,0.99996479,,
10012014,neu,0.99996479,,
9152014,neu,0.919966,,
9292014,neu,0.99654517,,
9292014,neu,0.99453724,,
9292014,neg,0.99076593,,
9262014,neu,0.95372526,pos,0.48576642
9262014,neu,0.93195712,neg,0.49660035
9262014,neg,0.75017084,,
10022014,pos,0.76225957,,
10022014,neg,0.98517578,,
10022014,neg,0.98441252,,
10022014,neg,0.94837756,,
10022014,neu,0.51933358,neu,0.54754097
10032014,pos,0.7924561,,
10032014,neu,0.99216867,,
10032014,neu,0.8407373,,
10032014,neu,0.70788492,,
10022014,neu,0.88993318,neu,0.68060454
10072014,neu,0.95421638,,
10072014,neu,0.99862239,,
10072014,neu,0.97897863,,
10082014,neu,0.9891549,,
10082014,neu,0.53979273,,
10102014,neg,0.91945829,neu,0.51637112
10142014,neu,0.67332459,,
10142014,neu,0.96487698,neu,0.57150731
10142014,neu,0.98056135,neu,0.68816974
10142014,neu,0.9097,neg,0.55850707
10142014,neu,0.98724928,neu,0.62738276
10142014,neu,0.97964997,,
10162014,neu,0.96334614,,
10142014,neg,0.48851873,,
10142014,neu,0.61228109,neu,0.52174495
10142014,neu,0.45039858,,
10212014,neu,0.92007533,,
10162014,neu,0.97183795,,
10162014,neg,0.93541825,neg,0.52251276
10162014,neu,0.71707558,,
10162014,neu,0.99537026,pos,0.71119865
10162014,neg,0.86281293,,
10162014,neu,0.48550926,,
10162014,neu,0.96078365,,
10162014,neg,0.9156611,,
10222014,pos,0.9855678,,
10222014,pos,0.88876137,,
10232014,neu,0.88029738,,
10232014,neu,0.82842862,,
10242014,pos,0.76776116,,
10242014,neu,0.70548656,,
10212014,neu,0.95932339,,
10152014,neg,0.44897831,,
10252014,neu,0.83935262,pos,0.62255137
10302014,neg,0.64825337,,
10302014,neu,0.77055492,,
10302014,neu,0.99989542,,
10282014,neu,0.92312029,,
10292014,neu,0.99977223,,
10292014,neu,0.99987283,,
10292014,neu,0.986665,,
10292014,neu,0.9761167,,
10292014,neu,0.97721878,,
10292014,neu,0.96214148,,
11052014,neu,0.99245501,neu,0.8746392
11052014,neu,0.99989996,neu,0.40673432
11052014,neu,0.99994865,neu,0.34536003
11052014,neu,0.59666694,neg,0.97598631
11052014,neu,0.57086769,neg,0.96928559
11052014,neu,0.54806745,neg,0.98217881
10282014,neu,0.93369131,,
10282014,neu,0.48072055,neg,0.63193221
10282014,neu,0.65831318,neg,0.6698044
10312014,neu,0.86413903,,
11042014,neu,0.99741661,neg,0.79954687
11042014,neu,0.99830654,neg,0.79651146
11052014,neu,0.99987188,neg,0.39235657
11112014,neu,0.90178529,,
11112014,neu,0.9998693,neu,0.62221641
11112014,neu,0.9997899,neu,0.4138202
11112014,neu,0.99988171,neu,0.68036661
11112014,neu,0.99988171,neu,0.68066579
11122014,neu,0.99865939,,
11122014,neu,0.99924051,,
11122014,neu,0.97856525,,
11122014,neg,0.87166381,,
11132014,neu,0.991391,,
11132014,neg,0.76237962,,
11122014,neg,0.86866431,,
11152014,neg,0.81030096,,
11192014,neu,0.97586121,,
11192014,neu,0.7067174,,
11192014,neu,0.78016814,,
11202014,neu,0.99705387,,
11212014,neu,0.62830725,,
11212014,pos,0.38695954,,
11212014,neu,0.48902133,,
11212014,neu,0.96136784,,
11252014,pos,0.61018314,,
11252014,neu,0.90490624,,
11272014,neg,0.5471676,neg,0.78695652
11272014,neu,0.54224104,neg,0.59537419
11272014,neu,0.98160221,pos,0.45354749
11242014,neu,0.97809821,neg,0.78304217
11242014,neu,0.90354554,neg,0.83412791
11242014,neu,0.60884985,pos,0.62495306
12022014,neu,0.88202908,neg,0.56983456
12032014,neu,0.99945197,,
12032014,neu,0.9997632,,
12032014,neu,0.99976282,,
12032014,neu,0.98923559,,
12032014,neu,0.99199347,,
12032014,neg,0.49874678,,
12032014,neu,0.61701088,,
12032014,neu,0.99900903,,
12032014,neu,0.99927578,,
12092014,neu,0.90437155,pos,0.70373574
12102014,neu,0.99515888,pos,0.66225256
12102014,neu,0.98380329,pos,0.78919269
11142014,neg,0.82156698,,
12112014,neg,0.70355339,,
12112014,neu,0.99718491,neg,0.89315388
12112014,neu,0.98418695,neg,0.91643413
12112014,neu,0.99243928,neg,0.94550628
12112014,neu,0.85026614,neu,0.56913564
12112014,neu,0.9614164,neu,0.56913564
12112014,neg,0.68633216,,
12092014,pos,0.54273664,neu,0.72959713
12092014,neu,0.81860441,neu,0.78429424
11262014,neu,0.98660252,neg,0.44535756
12122014,neg,0.77629822,,
12122014,neu,0.54134675,,
12122014,neg,0.85392904,,
12122014,neg,0.63431784,,
12152014,neu,0.9928773,,
12152014,neu,0.63430138,pos,0.52893415
12152014,neu,0.72495132,pos,0.45056099
12182014,neu,0.9107114,,
12182014,neu,0.95060234,,
12182014,neu,0.7551299,,
12182014,neu,0.74651631,,
12242014,neu,0.86036047,,
12242014,neg,0.68276631,,
12242014,neu,0.6046919,,
12242014,neg,0.60625831,neu,0.64067682
12252014,pos,0.6337643,,
12282014,neu,0.99526533,,
1062015,neu,0.82913479,neu,0.73351211
1062015,neu,0.75862103,neu,0.68143711
1062015,neu,0.84528555,neu,0.73528738
12292014,neu,0.99791474,,
1122015,neu,0.96208323,,
1122015,neu,0.97682889,,
1122015,neg,0.60249824,,
1122015,neg,0.64397702,,
1122015,neu,0.99531426,,
1122015,neu,0.99538453,,
1142015,neu,0.96666879,,
1142015,neu,0.96588428,,
1142015,neu,0.98601465,,
1142015,neu,0.97216542,,
1142015,neu,0.57398398,,
1142015,neu,0.60994753,,
1142015,neu,0.78666358,,
1122015,neu,0.99654759,,
1122015,neu,0.76855038,neu,0.48096069
1142015,neu,0.9844932,,
1142015,neu,0.95457007,,
1152015,neu,0.97183427,,
1172015,neg,0.68467685,,
1172015,neg,0.48284662,,
1192015,neg,0.75271274,neg,0.4432824
1202015,neu,0.70755532,,
1202015,neu,0.95458891,,
1202015,neu,0.9967423,,
1202015,neu,0.99492896,,
1202015,neu,0.96466886,,
1192015,neu,0.85652747,,
1192015,neg,0.99181477,,
1192015,neg,0.99309022,,
1212015,pos,0.48011651,,
1212015,neg,0.53652703,neg,0.84328206
1212015,pos,0.52584283,,
1222015,neu,0.98873792,,
1082015,neg,0.4493632,,
1082015,neu,0.80810482,,
1082015,neu,0.83304273,,
1222015,neu,0.90545587,,
1222015,neu,0.95653188,,
1222015,neg,0.93757899,,
1282015,pos,0.43972839,,
1282015,neg,0.90929024,,
1302015,neu,0.9904279,,
1302015,neu,0.99187988,,
1302015,neu,0.99372307,,
1292015,neg,0.96570293,,
1292015,neu,0.97200328,,
2022015,neg,0.48631406,neg,0.68801941
2022015,neu,0.49420401,neg,0.77960212
2022015,neg,0.85285509,pos,0.59296622
2032015,neu,0.73429512,,
2052015,neu,0.99999141,neg,0.688063
2052015,neu,0.97989803,neg,0.69670458
2062015,neu,0.99790482,neg,0.76015115
2062015,neu,0.99844711,neu,0.88299092
2062015,neu,0.99872915,neu,0.89473014
2062015,neu,0.99881412,neu,0.93765021
2062015,neu,0.99321126,neu,0.40730465
2102015,neu,0.42529473,,
2172015,neu,0.96544908,pos,0.48373598
2202015,neu,0.99098492,,
2202015,neu,0.99754879,,
2202015,pos,0.52253041,,
2202015,neu,0.8158935,,
2202015,pos,0.4699708,,
2182015,neu,0.77903158,pos,0.64149473
2202015,neu,0.55919823,pos,0.435033
2202015,neu,0.64285226,pos,0.41362025
2202015,neu,0.79608026,pos,0.40420182
2262015,neu,0.45305277,,
2262015,neu,0.99545323,,
2262015,neu,0.97959075,,
2262015,neu,0.99848877,,
2262015,neu,0.99978782,,
2262015,neg,0.80177239,,
2262015,neu,0.57188173,,
2272015,pos,0.82591166,,
2232015,neu,0.94166095,,
2242015,neu,0.99507393,neu,0.85059306
2242015,neu,0.99201378,neu,0.85059306
2242015,neu,0.9699244,neu,0.43937407
2242015,neu,0.84545839,pos,0.41734695
2242015,neu,0.64302598,pos,0.35627937
2242015,neu,0.99969503,neu,0.82041672
2252015,neu,0.55138822,,
2252015,neu,0.71925279,,
2252015,neg,0.57282264,neg,0.68825711
2252015,neg,0.53722955,neg,0.70356286
2302015,pos,0.42964618,,
2302015,neu,0.48082041,,
2302015,neu,0.86579069,,
2302015,neu,0.79038667,,
2302015,neu,0.99955865,,
2302015,neu,0.96448356,,
2312015,neg,0.83455013,neg,0.54335699
2312015,neu,0.98635832,,
2312015,neu,0.99032989,,
2312015,neu,0.75700347,neu,0.66038802
2312015,pos,0.56894183,neu,0.52886624
3032015,neg,0.83455013,neg,0.54335699
3032015,neu,0.98635832,,
3032015,neu,0.99032989,,
3032015,neu,0.75700347,neu,0.66038802
3032015,pos,0.56894183,neu,0.52886624
3062015,neu,0.99058521,,
3062015,neu,0.99794302,,
3022015,pos,0.42964618,,
3022015,neu,0.48082041,,
3022015,neu,0.86579069,,
3022015,neu,0.79038667,,
3022015,neu,0.99955865,,
3042015,neu,0.99938442,,
3042015,neu,0.99784221,,
2302015,neg,0.48399891,,
2302015,neg,0.49945246,,
2302015,neu,0.51418297,,
3022015,neu,0.96448356,,
3022015,neg,0.48399891,,
3022015,neg,0.49945246,,
3022015,neu,0.51418297,,
3072015,neu,0.99890674,,
3122015,neu,0.98354022,,
3132015,neg,0.5704481,neg,0.41455406
3092015,neu,0.70481552,,
3102015,neg,0.66294541,,
3112015,neu,0.97926772,,
3112015,neg,0.84475218,,
3102015,neu,0.73371871,,
3172015,neu,0.96538323,,
3172015,neu,0.71968708,,
3172015,neu,0.60626279,,
3172015,neu,0.87259424,neu,0.51757495
3172015,neu,0.99832943,,
3172015,pos,0.60001806,,
3172015,neu,0.76313624,,
3192015,neu,0.85419074,,
3202015,neu,0.95414194,,
3252015,neu,0.99358733,,
3252015,neu,0.96456853,,
3242015,neu,0.97826952,,
3242015,neu,0.99980335,neu,0.66984064
3242015,neu,0.98634991,neu,0.59265524
3242015,neu,0.95761976,neu,0.72294873
3242015,neu,0.99964079,neu,0.71711982
3272015,neu,0.79324815,,
3272015,neu,0.92522544,neu,0.54748924
3272015,neu,0.99932401,neg,0.4923204
3262015,neu,0.79080073,,
3242015,neu,0.57855046,pos,0.76095529
3242015,neu,0.85611338,pos,0.60098482
3242015,neu,0.90528675,,
3242015,neu,0.90528675,,
4022015,neu,0.94409281,,
4022015,neu,0.81646247,,
4022015,neg,0.70601557,,
4032015,neg,0.67701988,,
4062015,neg,0.6334302,,
4062015,neg,0.77798189,neu,0.50642895
4062015,neg,0.78395855,neg,0.47312624
4062015,neu,0.69355542,,
4082015,neu,0.99660659,,
4082015,neu,0.99716417,,
4142015,neu,0.95672174,neg,0.49589846
4142015,neu,0.55435765,neg,0.61078171
4142015,neu,0.55173156,neg,0.59883318
4142015,neu,0.74309869,neg,0.63958558
4142015,neu,0.71955513,neu,0.84439708
4152015,pos,0.65814735,,
4152015,neu,0.61246282,,
4152015,neu,0.86293993,,
4152015,pos,0.85706268,,
4152015,pos,0.86400325,,
4152015,pos,0.86400325,,
4152015,neu,0.94443452,,
4152015,neu,0.95909044,neu,0.8552008
4152015,neu,0.8637084,neu,0.8552008
4162015,pos,0.46778746,,
4162015,pos,0.46778746,,
4162015,pos,0.83511893,neg,0.47605184
4172015,pos,0.55042718,neu,0.49379636
4172015,neu,0.71651982,neu,0.64994229
4212015,neu,0.96466997,,
4232015,neg,0.70439762,,
4232015,neg,0.86076789,,
4232015,neu,0.74655089,,
4232015,neu,0.9992087,pos,0.68859498
4232015,neu,0.99909696,pos,0.68859498
4232015,neu,0.72719169,,
4202015,neu,0.97020117,,
4222015,neg,0.85706176,,
4242015,neu,0.98259974,pos,0.52171002
4242015,neu,0.99479272,pos,0.59084093
4242015,neu,0.9838339,pos,0.49020696
4242015,neu,0.99444778,,
4242015,neu,0.82791295,pos,0.42476959
4172015,neu,0.97612306,pos,0.56110796
4212015,neu,0.79994893,neg,0.88589433
4222015,neg,0.88475323,,
4242015,neg,0.95917743,pos,0.47501172
4242015,neg,0.49158874,pos,0.49086221
4242015,neu,0.7704747,neg,0.76987727
4242015,neu,0.94775347,pos,0.52123127
4292015,neg,0.85457878,,
4252015,neu,0.99948915,,
4272015,neu,0.79274357,,
4272015,pos,0.64812179,pos,0.5167349
4292015,neu,0.99967149,,
4292015,neu,0.99948356,,
4292015,pos,0.68573684,,
4292015,pos,0.60928577,,
5052015,neu,0.99962034,neu,0.75684319
5052015,neg,0.78718209,,
5052015,neg,0.69593859,,
5152015,neu,0.99854926,,
5152015,neu,0.99989906,neu,0.96893653
5152015,neu,0.9999853,neu,0.99330096
5152015,neu,0.99981453,neu,0.975665
5152015,neu,0.99347565,,
5152015,neu,0.99996265,neu,0.98969233
5152015,neu,0.99996928,neu,0.98845497
5182015,neu,0.88712125,,
5182015,neg,0.93188881,,
5202015,neu,0.69804593,,
5242015,neu,0.94506736,,
5212015,neu,0.93285422,neu,0.42556532
5282015,pos,0.98165186,,
5292015,neu,0.56902941,pos,0.64094771
5292015,neu,0.54942153,pos,0.73926452
5292015,neu,0.99528171,neu,0.71032303
5292015,neu,0.81454587,neu,0.50660527
5292015,neu,0.74245736,,
6012015,neg,0.88767086,,
6012015,neg,0.82892406,neg,0.91275354
6012015,neu,0.94405567,pos,0.79616996
6012015,neu,0.93578335,pos,0.67884507
6012015,neg,0.42702548,,
5282015,neu,0.92790717,,
6022015,neu,0.90778427,neu,0.68811779
6022015,neu,0.75884352,neu,0.46633358
6022015,neu,0.95310686,,
6032015,neu,0.9706306,,
6032015,neu,0.9088535,,
6062015,neg,0.82294501,,
6062015,neg,0.57195447,,
5262015,neu,0.99999735,,
6052015,neu,0.98423997,,
6052015,neu,0.95979329,,
6052015,neu,0.98300851,,
6022015,neu,0.9595287,,
6022015,neu,0.98996144,,
6022015,neu,0.98961646,,
6022015,neu,0.93787043,,
6022015,neu,0.9326054,,
6022015,neu,0.99601954,,
5262015,neu,0.99999511,,
5262015,neu,0.90597971,,
5262015,neu,0.88282672,neu,0.52852653
6082015,neu,0.99385614,neu,0.7691271
6082015,neu,0.65525883,,
6082015,neg,0.65106112,,
6122015,neu,0.87467457,,
6122015,pos,0.50634553,,
6122015,neg,0.56363218,neg,0.5280549
6122015,neg,0.65048814,neg,0.65230439
6122015,neg,0.62257745,neg,0.47411579
6152015,neu,0.69452161,pos,0.52003283
6162015,neg,0.84737692,neg,0.77052923
6162015,neu,0.97321963,,
6162015,neu,0.95800937,,
6182015,neu,0.51586644,neg,0.58435295
6182015,neu,0.5166049,neg,0.58435295
6182015,neg,0.69457678,neg,0.76279371
6182015,neg,0.62428627,neg,0.64700794
6182015,neg,0.83172256,neg,0.76279371
6182015,neu,0.90995638,,
6182015,neu,0.90995638,,
6182015,neu,0.39109194,,
6192015,neu,0.99313832,,
6222015,neu,0.95477727,,
6232015,neu,0.45568555,,
6232015,pos,0.75595482,pos,0.53796151
6232015,pos,0.70560156,pos,0.51091566
6242015,neu,0.68032774,,
6252015,neu,0.99882097,,
6272015,neu,0.96727743,,
6312015,pos,0.73958477,,
7012015,pos,0.73958477,,
6292015,neg,0.96636546,,
6302015,neu,0.95439284,pos,0.69939221
6262015,neg,0.85077755,,
6252015,neg,0.89562338,,
6252015,neu,0.4049765,,
6252015,neu,0.99752849,,
6252015,neu,0.99357548,neg,0.70091778
6312015,neg,0.52308097,neg,0.3895277
6312015,neu,0.4644701,neu,0.84039989
7012015,neg,0.52308097,neg,0.3895277
7012015,neu,0.4644701,neu,0.84039989
6292015,neg,0.87190078,,
6292015,neu,0.99948073,,
6292015,neg,0.93761986,,
6292015,neg,0.95352141,,
6292015,neu,0.99941142,,
6292015,neu,0.99956341,,
6292015,neu,0.85096621,,
6302015,neu,0.88237315,pos,0.77494782
6302015,neu,0.4956749,pos,0.42716619
6302015,neg,0.9315148,neg,0.55642512
6302015,neg,0.95005675,pos,0.43450959
6262015,neg,0.85077755,,
7062015,pos,0.72305256,,
7082015,neg,0.77273805,pos,0.52295187
7062015,neg,0.57993692,pos,0.46250991
7162015,pos,0.54535276,,
7162015,neu,0.56820011,,
7162015,neu,0.84019976,,
7162015,neu,0.83053905,neu,0.54520292
7162015,pos,0.60714623,,
7162015,pos,0.76778383,,
7162015,pos,0.73244998,,
7162015,neu,0.90725536,,
7172015,neu,0.9777784,,
7172015,neu,0.97526439,,
7172015,neu,0.95630255,,
7172015,neu,0.98803045,pos,0.40321799
7172015,neg,0.70566126,neu,0.3783338
7172015,neu,0.99339801,neu,0.89515356
7172015,neg,0.90770022,,
7172015,neu,0.97777407,neu,0.87630941
7172015,pos,0.90211855,pos,0.61051475
7202015,neu,0.64400166,,
7202015,neg,0.90862217,neu,0.88372827
7222015,neu,0.81450235,,
7242015,neg,0.97575099,,
7232015,neu,0.50712233,,
7302015,neu,0.99422431,,
7302015,neu,0.98597504,,
7302015,neu,0.46367002,,
7312015,pos,0.77598549,,
7292015,neu,0.92361923,,
7232015,neu,0.51322187,,
8062015,neg,0.5886518,pos,0.45670387
8062015,neg,0.72147396,neu,0.65937147
7302015,neu,0.98031042,,
7302015,neu,0.9206182,,
7302015,neu,0.85863985,,
8112015,pos,0.99574773,pos,0.92310794
8112015,neu,0.99555422,,
8112015,pos,0.9912096,pos,0.91880018
8122015,neu,0.73163733,,
8122015,pos,0.53331298,,
8072015,neg,0.93065135,,
8102015,neu,0.979039,,
8132015,neg,0.5705304,,
7302015,pos,0.85973553,,
7302015,neu,0.75326654,,
7302015,neu,0.60913626,,
8112015,pos,0.9912096,pos,0.91880018
8112015,pos,0.76264122,pos,0.59613911
8112015,pos,0.80674151,pos,0.50219841
8112015,pos,0.85189228,pos,0.50219841
8112015,pos,0.4052618,,
8112015,pos,0.82246856,pos,0.48750129
8122015,pos,0.52575064,,
8122015,pos,0.43894624,,
8102015,neu,0.96245355,,
8102015,neg,0.90591112,neu,0.7782244
8102015,neg,0.80876576,neu,0.61092595
8102015,neu,0.50128377,,
8132015,neg,0.57277831,,
8132015,pos,0.74283211,,
8132015,pos,0.63549991,,
8132015,neg,0.44639268,,
8132015,neu,0.85261669,,
8132015,neg,0.68843026,,
8132015,neg,0.67989704,,
8172015,neu,0.62700647,,
8182015,pos,0.44798609,,
8172015,neu,0.97910386,,
8212015,neu,0.99362348,neu,0.88566168
8312015,neu,0.83712285,,
8272015,neu,0.52220958,,
8282015,neu,0.94152887,,
8272015,neu,0.57241104,,
8272015,neg,0.60867857,,
8282015,neu,0.94896299,,
8282015,neu,0.74386875,,
8282015,neu,0.91129341,,
9012015,pos,0.42896589,,
9012015,neu,0.84001121,,
9012015,neu,0.75472111,neg,0.61056173
9042015,neg,0.63792041,,
9102015,neu,0.61897204,,
9012015,neu,0.74634827,neg,0.54452398
9042015,neu,0.62497894,,
9102015,neu,0.9999812,,
9102015,neu,0.9999964,,
9102015,neu,0.9999912,,
9142015,neu,0.93140524,,
9142015,neu,0.65668613,,
9142015,neu,0.91406293,,
9142015,neg,0.49060991,neu,0.69974657
9152015,neu,0.7338123,,
9142015,neu,0.4559211,,
9142015,neu,0.90314595,,
9152015,neu,0.91502184,,
9152015,neu,0.90280817,,
9212015,neg,0.60888602,,
9212015,neg,0.55629329,neg,0.92152699
9252015,neg,0.60287171,,
9252015,neg,0.465833,,
9252015,neg,0.43416184,,
9252015,pos,0.64215802,,
9252015,neu,0.96109175,,
9282015,neu,0.81403092,,
9292015,neu,0.77886422,,
9292015,neu,0.64844476,,
9292015,neu,0.91286457,,
9302015,neu,0.91777904,,
10022015,neu,0.61656496,,
9302015,neu,0.65851002,,
10022015,neu,0.45369133,,
10022015,neu,0.85461325,,
10052015,neu,0.83082001,,
10072015,neu,0.73150797,,
10092015,neg,0.46721066,,
10052015,neu,0.49246825,neu,0.53990592
10052015,neu,0.96361613,,
10052015,neu,0.78103227,,
10052015,neu,0.786178,,
10052015,neu,0.69454095,,
10052015,neu,0.62229566,,
10052015,neu,0.78678883,,
10142015,pos,0.54509334,,
10092015,neg,0.52803505,,
10092015,neu,0.92426698,pos,0.48845892
10162015,neu,0.99842527,,
10202015,neu,0.66240383,,
10202015,neu,0.96770643,neu,0.85180215
10222015,neu,0.94989624,,
10222015,neu,0.95878167,,
10232015,neu,0.99921267,,
10232015,neu,0.99989013,,
10232015,neu,0.99944684,,
10192015,neu,0.57344889,,
10292015,pos,0.59270116,pos,0.5012834
10312015,neu,0.97812131,,
11032015,neu,0.99864245,neu,0.96761581
11032015,neu,0.99444626,pos,0.58949115
11032015,neu,0.98665415,pos,0.56133324
11032015,neu,0.99156695,pos,0.48544073
11042015,neg,0.4655861,neu,0.76521612
11042015,neu,0.53552837,neu,0.46218004
11042015,neu,0.97197448,pos,0.84104612
10192015,neg,0.56693434,,
11092015,neu,0.87090026,neu,0.74630907
11102015,neu,0.99735554,,
11132015,neu,0.79283837,neu,0.36392751
11102015,neu,0.99903739,,
11172015,neu,0.92873942,pos,0.39932515
11172015,neu,0.97850227,pos,0.39932515
11172015,neu,0.99647175,neu,0.60191598
11172015,neu,0.99767086,neu,0.76521059
11172015,neu,0.99164935,neu,0.72076862
11192015,neu,0.40573841,,
11192015,neu,0.97345031,,
11202015,neg,0.83767991,neg,0.72850777
11202015,neu,0.99937171,neu,0.83597491
11202015,neu,0.99609347,neu,0.76599455
11292015,neu,0.9935148,neu,0.38119722
11302015,neu,0.99172664,neu,0.38119722
12012015,neu,0.67398934,pos,0.65203853
11312015,neu,0.67398934,pos,0.65203853
12012015,neu,0.93520201,neg,0.48356962
12072015,pos,0.76237087,neu,0.62479351
11312015,neu,0.93520201,neg,0.48356962
12082015,neu,0.60365837,neu,0.5537384
12112015,neu,0.70802191,neu,0.5537384
12082015,pos,0.81091195,neu,0.54035835
12162015,neu,0.84818753,neu,0.93037823
12162015,neu,0.87682012,neu,0.85272475
12222015,neu,0.99230383,neg,0.38200227
1122016,neu,0.91648417,neu,0.58631353
1122016,neu,0.72009319,neu,0.80147481
1202016,neg,0.72051148,neu,0.56943647
1232016,neu,0.9555796,neg,0.37274626
1252016,neu,0.99592991,neg,0.5514284
1262016,neu,0.99654905,neu,0.77084973
1272016,neu,0.97474622,neg,0.78773971
1272016,neu,0.83697561,,
1272016,neu,0.83697561,,
1272016,neu,0.73916958,,
1272016,neu,0.99823066,neg,0.73604037
1272016,neg,0.6219122,neg,0.57026885
1282016,neu,0.95067886,pos,0.49081543
1292016,neu,0.91705711,,
1292016,neg,0.64371112,,
1282016,neu,0.95067886,pos,0.49081543
2012016,neu,0.98445172,neu,0.92971902
2032016,neu,0.83809789,,
2012016,neu,0.65562422,neu,0.5364844
2022016,neu,0.99432019,,
2022016,neu,0.89031948,neg,0.41458643
2022016,neg,0.95288949,neg,0.40141912
2022016,neu,0.95142721,pos,0.57554012
2092016,neu,0.68579047,pos,0.4459181
2082016,neg,0.99681998,neu,0.38138199
2102016,neg,0.88034842,pos,0.57951395
2102016,neu,0.99996516,neu,0.92624479
2112016,neu,0.97556431,,
2112016,neu,0.97556431,,
2112016,neu,0.94830528,,
2082016,neu,0.82788414,neu,0.79422632
2192016,neu,0.95427336,,
3042016,neg,0.74193216,,
3042016,neu,0.99761904,pos,0.39135414
3042016,neg,0.74193216,,
3152016,neg,0.58745887,neu,0.37008261
3172016,neg,0.54148255,neg,0.55005569
3172016,neg,0.54148255,neg,0.55005569
3182016,neu,0.98853467,,
3292016,neu,0.86098375,,
4072016,neg,0.82703626,neu,0.94090829
4072016,neu,0.99980104,neu,0.83893524
4072016,neg,0.42672714,neu,0.69317546
4082016,neg,0.92105457,neu,0.75987636
4152016,neu,0.94599821,,
4212016,neu,0.97133389,neg,0.52476976
4212016,neu,0.91217841,neu,0.96660845
4222016,neg,0.8383164,neg,0.60851039
4222016,neg,0.771002,neg,0.47480878
4222016,pos,0.58922776,neg,0.55673271
4222016,pos,0.64423575,neg,0.53589151
4222016,pos,0.64423575,neg,0.53589151
4272016,neg,0.52495521,neg,0.73494698
4282016,neu,0.99964926,,
4192016,neu,0.94710935,neg,0.43125937
4192016,neu,0.91348002,neg,0.43125937
5052016,neu,0.99652847,,
5112016,neg,0.54404827,neg,0.8076405
4262016,neu,0.99847883,neu,0.95599471
4262016,neu,0.61371676,,
5132016,neu,0.97299647,,
5182016,neg,0.6461407,neu,0.59372904
5242016,neu,0.93760522,,
5262016,neg,0.4668929,,
5252016,neu,0.99925446,neu,0.81947188
6012016,neu,0.90011934,neu,0.82730926
5312016,neg,0.54193392,neg,0.58707589
6032016,neu,0.75299208,neu,0.60242781
6032016,neu,0.57392942,,
6032016,neu,0.57392942,,
6072016,neu,0.94748447,neu,0.73869733
6092016,neg,0.56096258,,
6132016,pos,0.51890241,neu,0.79233515
6092016,neg,0.56096258,,
6092016,neu,0.61623584,,
6202016,neu,0.99985974,neu,0.59245648
7202016,neg,0.91106908,neu,0.7411977
7222016,neu,0.57906486,pos,0.48848539
7202016,neg,0.91106908,neu,0.7411977
7282016,neu,0.84282375,neu,0.89442191
8022016,neu,0.40829971,,
8172016,pos,0.69483539,pos,0.56349281
8112016,neg,0.8141995,neu,0.71889764
8222016,neu,0.42886214,neu,0.82463555
8222016,neu,0.42886214,neu,0.82463555
9082016,pos,0.94871139,pos,0.77555918
9082016,pos,0.63268498,neu,0.53509255
9082016,neu,0.80114024,neu,0.96373072
9262016,neu,0.87321712,neg,0.61618697
9272016,neu,0.97688638,neu,0.60881225
9272016,neu,0.97688638,neu,0.60881225
10102016,neg,0.70176352,neu,0.81785541
10062016,neg,0.93774043,pos,0.73762513
10062016,neg,0.61073562,neg,0.53850095
10062016,neg,0.61073562,neg,0.53850095
10112016,neu,0.49691164,neu,0.59753306
10112016,neu,0.75450143,neu,0.89695879
10102016,neg,0.99813995,neu,0.62776249
10202016,neu,0.68584198,neu,0.72325272
10202016,neu,0.99683779,neu,0.96051821
10202016,neu,0.99683779,neu,0.96051821
10262016,neg,0.64089268,neu,0.50664598
10262016,pos,0.57412569,neu,0.42266323
10272016,neg,0.55683508,neu,0.8572204
10272016,neg,0.55683508,neu,0.8572204
11052016,neu,0.83680452,pos,0.59840861
11072016,neu,0.72086055,neu,0.74447709
11142016,neu,0.9857023,,
11162016,pos,0.74740617,pos,0.72605115
11152016,neu,0.99495129,neu,0.95441139
11142016,neu,0.94920834,,
11142016,neu,0.8828237,,
11152016,neu,0.8225883,,
1262017,neu,0.98162909,neu,0.88307325
1262017,neu,0.48036766,,
1272017,neu,0.99992752,neu,0.99397576
2032017,neu,0.99655975,pos,0.41546782
2142017,neu,0.98362281,,
2172017,neu,0.87290556,neg,0.54973907
2022017,neu,0.98910647,pos,0.57682144
2022017,neu,0.99868868,pos,0.67809294
2162017,pos,0.49027811,neg,0.51426113
2162017,neg,0.56515196,neg,0.4600743
2222017,neu,0.99528784,pos,0.41426388
2242017,neg,0.55479955,neu,0.45671853
2242017,neu,0.76495862,neu,0.49352714
2292017,neu,0.99197239,neu,0.60490707
2292017,neu,0.97509404,neu,0.60490707
3012017,neu,0.99197239,neu,0.60490707
3012017,neu,0.97509404,neu,0.60490707
3062017,neu,0.5835763,neg,0.79696466
3062017,neu,0.5835763,neg,0.79696466
3072017,neu,0.84714175,neg,0.55254155
3072017,neg,0.36679799,pos,0.37462724
3112017,neu,0.97563327,neu,0.54742684
3102017,neg,0.48383937,,
3152017,neu,0.99945913,pos,0.4182015
3172017,neu,0.95363402,pos,0.41356106
3222017,neu,0.99255472,neu,0.98542553
3222017,neu,0.99255472,neu,0.98542553
3242017,neu,0.99984474,pos,0.65850242
3242017,neu,0.99902503,pos,0.65850242
3242017,neu,0.99902503,pos,0.65850242
3272017,neg,0.70107752,,
3272017,neg,0.70107752,,
3272017,neg,0.8853889,,
4042017,neu,0.60985238,,
4042017,neu,0.60985238,,
4102017,neu,0.89351965,pos,0.42453442
4102017,neu,0.81975135,neu,0.85826241
4072017,neu,0.99147928,,
4072017,neu,0.95218946,,
4072017,neu,0.95218946,,
4062017,neg,0.66036095,,
4132017,neu,0.99998337,,
4132017,neu,0.88402824,neu,0.88852228
4132017,neu,0.99985286,,
4132017,neu,0.99985286,,
4172017,neu,0.75902136,neu,0.7524867
4172017,neu,0.75902136,neu,0.7524867
4192017,neu,0.98954378,,
4252017,neu,0.91605154,neu,0.70334736
4272017,pos,0.91813858,neu,0.86166432
4272017,neu,0.94601072,neu,0.9130948
4272017,neu,0.87568665,neu,0.7571985
4272017,neu,0.49769845,,
4272017,neu,0.99416934,pos,0.52900959
4272017,neu,0.99416934,pos,0.52900959
4292017,neu,0.64515152,,
4282017,neu,0.99256288,,
4282017,pos,0.98058509,pos,0.8178762
4282017,pos,0.98058509,pos,0.8178762
4282017,pos,0.97058581,pos,0.83919723
4282017,neu,0.99983683,pos,0.39333699
5032017,neu,0.99999948,,
5032017,neu,0.99999948,,
5032017,neg,0.54456071,,
5032017,neg,0.79214327,neg,0.642822
5032017,neg,0.76391632,neg,0.642822
5032017,neu,0.807998,neu,0.69177495
5032017,neu,0.807998,neu,0.69177495
5042017,neg,0.56621831,,
5042017,neg,0.97706372,neg,0.79750315
5152017,neu,0.93467628,,
5162017,pos,0.46994784,pos,0.6463069
5222017,neg,0.7308908,neg,0.79514819
5222017,neg,0.7308908,neg,0.79514819
5262017,neu,0.99756665,neu,0.58033947
5312017,neu,0.99408465,neu,0.52134519
6022017,neg,0.50686632,,
6022017,neg,0.50686632,,
6072017,neu,0.9701936,,
6072017,neu,0.9701936,,
6072017,neu,0.78394779,neu,0.73467935
6092017,neu,0.99891433,pos,0.47654701
6092017,neu,0.55039546,,
6092017,neg,0.61386827,,
6132017,neg,0.98953375,neg,0.69572413
6132017,neg,0.83894478,neg,0.70158907
6192017,neu,0.86465621,neu,0.50267658
6232017,pos,0.70361594,pos,0.510507
6232017,neu,0.99821673,,
6282017,neu,0.86593991,neu,0.60933393
6282017,pos,0.52459931,neu,0.58084861
6282017,pos,0.52459931,neu,0.58084861
6222017,neg,0.99767755,,
6222017,neg,0.99767755,,
6272017,neu,0.5241463,pos,0.80430862
6272017,pos,0.85490249,pos,0.56578569
6272017,pos,0.62365495,pos,0.7191402
6272017,neu,0.76431256,pos,0.55334361
7052017,neu,0.97148216,,
7052017,neu,0.66576908,neu,0.76255836
7062017,neu,0.69728021,,
7122017,neu,0.92168092,,
7072017,neu,0.99858472,neu,0.55287297
7072017,neu,0.99423078,,
7072017,neu,0.99423078,,
7072017,neg,0.60746537,neg,0.61923821
7072017,neu,0.6289168,neg,0.7975358
7262017,neu,0.49389473,neu,0.67343781
7272017,neu,0.86952248,pos,0.40205319
7262017,neu,0.49389473,neu,0.67343781
7272017,neu,0.86952248,pos,0.40205319
7242017,neu,0.49576609,,
7242017,neg,0.61599026,pos,0.47024825
7242017,neu,0.50189805,,
7242017,neg,0.48603979,,
7242017,neu,0.92598761,neu,0.9749703
7242017,neu,0.92598761,neu,0.9749703
7252017,neu,0.76532389,,
7252017,neg,0.50063627,neu,0.5659689
7252017,neg,0.50063627,neu,0.5659689
7252017,neg,0.9420747,neg,0.82805571
7252017,neu,0.99937629,neu,0.621127
7252017,neg,0.9420747,neg,0.82805571
7252017,neu,0.99938802,pos,0.52834101
7252017,neu,0.99938802,pos,0.52834101
8102017,neu,0.98777003,,
8112017,neg,0.5605965,neg,0.79023882
8112017,neg,0.5605965,neg,0.79023882
8112017,neg,0.93602911,neg,0.96175211
8142017,pos,0.41325624,,
8282017,neu,0.93204933,,
8292017,pos,0.46334767,pos,0.65512725
8072017,neu,0.98551563,pos,0.47353226
9072017,neu,0.95569512,,
9132017,neu,0.9974667,,
9132017,neu,0.9974667,,
9142017,neu,0.99273639,,
9152017,neg,0.62248766,,
9152017,neg,0.94368181,neg,0.86407528
9152017,neg,0.90793321,,
9142017,neu,0.95156888,neu,0.75163566
9142017,neu,0.99273639,,
9142017,neu,0.99273639,,
9202017,neu,0.60803002,,
9212017,neu,0.85426631,neu,0.9662174
9222017,neu,0.9965331,pos,0.51010358
9202017,neu,0.60803002,,
9202017,neu,0.69456294,pos,0.55470659
9202017,neu,0.69456294,pos,0.55470659
9202017,neg,0.72287437,,
9202017,neg,0.72287437,,
10032017,neu,0.76296366,,
10042017,neu,0.79838155,neu,0.85989223
10042017,neu,0.86352453,neu,0.83853412
10042017,neu,0.81665937,pos,0.39782427
10052017,neu,0.98861112,neg,0.55806262
10052017,neu,0.93610333,neu,0.53982729
10072017,neg,0.75330513,pos,0.55311117
10092017,neu,0.98175244,pos,0.58061247
10132017,pos,0.87598819,pos,0.51274406
10192017,neg,0.51862645,pos,0.44999829
10202017,neg,0.93226592,pos,0.51153868
10202017,neg,0.92668287,,
10202017,neu,0.74113065,,
10202017,neu,0.63644294,neg,0.43582805
10272017,neu,0.99587148,neu,0.7884151
10172017,neu,0.99978494,neu,0.90362739
10172017,neu,0.9504194,,
10272017,neu,0.99189703,,
11022017,neu,0.99663679,,
11022017,neu,0.99757774,neu,0.78954378
10312017,neg,0.64988872,neu,0.69567402
10262017,neu,0.94913857,neu,0.90983772
10262017,neu,0.56264641,,
10262017,neu,0.56264641,,
11072017,neu,0.99815469,,
11072017,neg,0.70440679,neg,0.46807844
11072017,neg,0.70440679,neg,0.46807844
11132017,pos,0.94028685,neg,0.58893292
11132017,neu,0.8142592,,
11132017,neu,0.92305421,neu,0.50175732
11132017,neu,0.8142592,,
11172017,neu,0.98874469,neg,0.48635608
11142017,neu,0.9930418,neu,0.54634095
11302017,neu,0.97436362,neu,0.92454456
11282017,pos,0.57086505,neg,0.37841972